"1","Corporación Sida Chile","vih en chile. Es urgente aumentar el diagnóstico de personas infectadas. La prevalencia de la infección en Latinoamérica no ha sido adecuadamente estudiada, pero, se calcula que en Chile la mitad de las personas que está infectada no ha sido diagnosticada y por lo tanto no está en control y tratamiento.","https://web.archive.org/web/20190126003934/http://www.sidachile.cl/contenido/index.php","53b78a65-","0","1","A"
"2","VIH / SIDA - Ministerio de Salud - Gobierno de Chile","En Chile, la Ley 19.779 resguarda los derechos de las personas, respecto a la prevención, diagnóstico, control y tratamiento del VIH/SIDA, asimismo cautela el libre e igualitario ejercicio de los derechos de las personas que viven con VIH, impidiendo las discriminaciones para su acceso a educación, trabajo y salud. ¿Cómo se contagia?","https://www.minsal.cl/vih_sida/","53b790eb-","0","1","A"
"3","Sida Chile","¿Cuánto tarda una persona con VIH en llegar a desarrollar SIDA? ¿Cómo puedo saber si una persona esta infectada por VIH? ¿Qué síntomas se producen al infectarse por VIH? ¿Qué es el periodo de ventana? ¿Cómo puedo saber si estoy en etapa SIDA? ... Corporación Sida Chile | 2016 - 2018 ...","https://web.archive.org/web/20180907192457/http://www.sidachile.cl/contenido/vih-sida.php","53b7937d-","0","1","A"
"4","VIH Sida en Chile: Cifras del Minsal indican que casos ...","VIH Sida en Chile: Cifras del Minsal indican que casos crecieron 96% en siete años. Los principales afectados son el grupo de riesgo de entre 15 y 25 años de edad. Administración anterior de la ...","https://www.24horas.cl/nacional/vih-sida-en-chile-cifras-del-minsal-indican-que-casos-crecieron-96-en-siete-anos-2684673","53b795a5-","0","1","A"
"5","La infección por VIH en nuestro ... - Universidad de Chile","En los últimos diez años los contagios de VIH en Chile han aumentado un 67,8 por ciento, siendo la población adolescente y joven por lejos la que lidera estas cifras. A la falta de campañas de prevención y las dificultades para realizarse el test -opción que la Organización Mundial de la ...","http://www.uchile.cl/noticias/124942/la-infeccion-por-vih-en-chile-es-una-epidemia-que-no-esta-controlada","53b79df1-","0","1","A"
"6","Advierten que el VIH sida está descontrolado en Chile ...","Advierten que el VIH sida está descontrolado en Chile: ""Hay un brote epidémico"" La ministra de Salud sostuvo que su cartera trabaja en mejorar la capacidad de respuesta a los ...","http://www.adnradio.cl/noticias/nacional/advierten-que-el-vih-sida-esta-descontrolado-en-chile-hay-un-brote-epidemico/20170731/nota/3535974.aspx","53b7a056-","0","1","A"
"7","SIDA en Chile: la epidemia que crece silenciosamente | La ...","SIDA en Chile: la epidemia que crece silenciosamente. Hace unos años el SIDA dejó de ser un tema prioritario y disminuyeron sus apariciones en la agenda pública.","http://lanacion.cl/2017/07/29/sida-en-chile-la-epidemia-que-crece/","53b7a286-","0","1","A"
"8","Vihsida en Chile","del tratamiento anti-vih para ayudar y proteger a sus bebés del vih"". Agrupación de Personas, Amigos y Familiares que viven y/o trabajan con el vih sida en Chile consultas@ vih .cl","http://vih.cl/","53b7a489-","0","1","A"
"9","Chile es el país en que más aumentó el número de casos ...","Para el presidente de la Corporación Sida Chile y coordinador del Comité de Sida de la Asociación Panamericana de Infectología, Carlos Beltrán, el alza además de “alarmante” es “inaceptable”. “Hace dos años que le venimos diciendo al Minsal sobre este aumento, sobre todo en los jóvenes.","https://www.latercera.com/noticia/chile-casos-vih-latinoamerica/","53b7aa43-","0","1","A"
"10","Informe revela que Chile es el país donde más aumentaron ...","Informe revela que Chile es el país donde más aumentaron los casos de VIH en Latinoamérica. Publicado ... presidente de la Corporación Sida Chile y coordinador del Comité de Sida de la ...","https://www.biobiochile.cl/noticias/nacional/chile/2017/07/21/informe-revela-que-chile-es-el-pais-donde-mas-aumentaron-los-casos-de-vih-en-latinoamerica.shtml","53b7ac7c-","0","1","A"
"11","Corporación Sida Chile","vih en chile Es urgente aumentar el diagnóstico de personas infectadas. La prevalencia de la infección en Latinoamérica no ha sido adecuadamente estudiada, pero, se calcula que en Chile la mitad de las personas que está infectada no ha sido diagnosticada y por lo tanto no está en control y tratamiento.","http://www.sidachile.cl/contenido/index.php","53b7aec3-","0","1","B"
"12","Vivir con VIH en Chile: Testimonios de personas diagnosticadas","¿Cómo es vivir con VIH en Chile? ¿La discriminación aún existe? ¿Hay un único tratamiento efectivo? Dos personas diagnosticadas y bajo tratamiento cuentan su testimonio a CNN Chile.","https://www.cnnchile.com/pais/vivir-con-vih-en-chile-testimonios-de-personas-diagnosticadas_20181205/","53b7b515-","0","1","B"
"13","VIH / SIDA - Ministerio de Salud - Gobierno de Chile","En Chile, la Ley 19.779 resguarda los derechos de las personas, respecto a la prevención, diagnóstico, control y tratamiento del VIH/SIDA, asimismo cautela el libre e igualitario ejercicio de los derechos de las personas que viven con VIH, impidiendo las discriminaciones para su acceso a educación, trabajo y salud.","https://www.minsal.cl/vih_sida/","53b7b8c4-","0","1","B"
"14","Informe casi triplica porcentaje estimado de personas con ...","Informe casi triplica porcentaje estimado de personas con VIH en Chile. Autor: Cecilia Yáñez. Jue 23 Ago 2018 | 12:08 am. Profesional de la salud toma muestra de sangre para examen de VIH/sida. Foto: Agenciauno. En test realizado a 3.102 personas, el 1,29% resultó positivo, muy por encima del 0,5% oficial. Minsal estima que a fin de año ...","https://www.latercera.com/nacional/noticia/informe-casi-triplica-porcentaje-estimado-personas-vih-chile/291511/","53b7bb13-","0","1","B"
"15","VIH Sida en Chile: Cifras del Minsal indican que casos ...","VIH Sida en Chile: Cifras del Minsal ... Toda vez que entendemos que en Chile 45 mil personas estaban contagiadas con VIH, pero con esta nueva estimación proyectamos que son 100 mil"".","https://www.24horas.cl/nacional/vih-sida-en-chile-cifras-del-minsal-indican-que-casos-crecieron-96-en-siete-anos-2684673","53b7c11d-","0","1","B"
"16","Vihsida en Chile","Por esta falta de información ""general"", en los más de 400 personas que asistían mensualmente a la Fundación a retirar sus medicamentos, es que me propuse investigar más sobre el tema y hacer pequeños boletines informativos para aprender a vivir con el vihsida, entender los resultados de los exámenes trimestrales, sobre prevención y transmisión, uso del preservativo, etc.","http://vih.cl/","53b7c359-","0","1","B"
"17","La infección por VIH en nuestro país es una epidemia que ...","En Chile más hay de 30 mil personas diagnosticadas con VIH, y se estima que entre 20 y 25 mil personas podrían estar infectadas, sin diagnóstico.En este contexto, entre 1999 y 2013 ha sido en la población más joven donde proporcionalmente ha aumentado de manera más importante el contagio: en el grupo entre 15 y 19 años el alza ha sido de un 125 por ciento, mientras en los jóvenes entre ...","http://www.uchile.cl/noticias/124942/la-infeccion-por-vih-en-chile-es-una-epidemia-que-no-esta-controlada","53b7c595-","0","1","B"
"18","VIH Sida en Chile: alertan que casos han aumentado un 96% ...","VIH Sida en Chile: alertan que casos han aumentado un 96% y que alza está por sobre África ... agregó que “entendemos que en Chile 45 mil personas estaban contagiadas con VIH, pero con esta ...","https://www.biobiochile.cl/noticias/nacional/chile/2018/04/09/vih-sida-en-chile-alertan-que-casos-han-aumentado-un-96-y-que-alza-esta-por-sobre-africa.shtml","53b7cba1-","0","1","B"
"19","Casos de VIH en Chile aumentan un 45% entre 2010 y 2015 ...","Los casos confirmados de personas infectadas con el virus de inmunodeficiencia humana (VIH) en el país han experimentado un aumento de 45% entre los años 2010 y 2015, según el último boletín de vigilancia de dicha enfermedad, elaborado en noviembre del 2016 por el Instituto de Salud Pública (ISP) del Ministerio de Salud.","https://www.t13.cl/noticia/nacional/casos-vih-chile-aumentan-45-2010-y-2015","53b7cde0-","0","1","B"
"20","VIH y SIDA en Chile - politicaspublicas.uc.cl","en las personas viviendo con VIH, sino en la población general. Es por esto que su forma y contenido como mensaje masivo a la población es crucial para contener efectivamente el avance masivo de la epidemia. En este contexto, el aumento constante del número de personas viviendo con VIH o SIDA y la complejidad de los pro-","https://politicaspublicas.uc.cl/wp-content/uploads/2015/02/vih-y-sida-eb-chile-desafios-para-su-prevencion.pdf","53b7d027-","0","1","B"
"21","Virus de la inmunodeficiencia humana - Wikipedia, la ...","El virus de la inmunodeficiencia humana (VIH) es un lentivirus (un subgrupo de los retrovirus) que causa la infección por VIH [1] y con el tiempo el síndrome de inmunodeficiencia adquirida (sida). [2] [3] El sida es una enfermedad humana que progresa hacia la falla del sistema inmune, lo que permite que se desarrollen infecciones oportunistas y cánceres potencialmente mortales.","https://es.wikipedia.org/wiki/Virus_de_la_inmunodeficiencia_humana","53b7d61e-","0","1","C"
"22","VIH y sida: MedlinePlus en español","VIH significa virus de la inmunodeficiencia humana. Éste daña el sistema inmunitario mediante la destrucción de los glóbulos blancos que combaten las infecciones. Esto lo pone en riesgo de contraer infecciones graves y ciertos tipos de cáncer. Sida significa síndrome de inmunodeficiencia adquirida.","https://medlineplus.gov/spanish/hivaids.html","53b7d874-","0","1","C"
"23","OMS | VIH/SIDA","El virus de la inmunodeficiencia humana (VIH) infecta a las células del sistema inmunitario, alterando o anulando su función. La infección produce un deterioro progresivo del sistema inmunitario, con la consiguiente ""inmunodeficiencia"". Se considera que el sistema inmunitario es deficiente cuando ...","https://www.who.int/topics/hiv_aids/es/","53b7dc31-","0","1","C"
"24","VIH/sida: Enciclopedia de MedlinePlus – NIH","El VIH no se transmite a una persona que done sangre u órganos. Las personas que donan órganos nunca entran en contacto directo con las personas que los reciben. De la misma manera, alguien que dona sangre nunca tiene contacto con el que la recibe. En todos estos procedimientos se utilizan agujas ...","https://medlineplus.gov/spanish/ency/article/000594.htm","53b7e24f-","0","1","C"
"25","¿QUÉ ES EL VIH? - INFOSIDA","¿QUÉ ES EL VIH? El VIH o Virus de la Inmunodeficiencia Humana es un retrovirus que ataca al sistema inmunitario de la persona infectada. El sistema inmunitario es la defensa natural de nuestro cuerpo frente a los microorganismos infecciosos, como las bacterias, virus y hongos capaces de invadir nuestro organismo. En concreto, el VIH ataca …","https://www.infosida.es/que-es-el-vih","53b7e49a-","0","1","C"
"26","Datos sobre VIH y SIDA | Síntomas, prevención y tratamiento","Si tienes VIH, recibir tratamiento puede disminuír e incluso detener las posibilidades de contagiar a otros con el virus. Si no tienes VIH, también existe una medicina diaria, llamada PrEP que puede ayudar a protegerte del VIH. Este virus también se puede transmitir al bebé durante el embarazo, el parto o al amamantar.","https://www.plannedparenthood.org/es/temas-de-salud/enfermedades-de-transmision-sexual-ets/vih-sida","53b7e815-","0","1","C"
"27","VIH/SIDA: Conceptos básicos | El VIH/SIDA | infoSIDA","Hojas informativas acerca del tratamiento del VIH/SIDA, hojas de datos, la prevención de la transmisión de la madre al hijo, los efectos secundarios del tratamiento del VIH. Todas las hojas informativas están escritas para los pacientes en un lenguaje fácil de leer.","https://infosida.nih.gov/understanding-hiv-aids/fact-sheets/19/45/vih-sida--conceptos-basicos","53b7ee87-","0","1","C"
"28","Info VIH - Home - Cruz Roja","Os damos la bienvenida a la web del Servicio Multicanal de Información y Prevención del VIH y sida y otras Infecciones de Transmisión Sexual (ITS) de Cruz Roja Española y el Ministerio de Sanidad, Consumo y Bienestar social. Más información &gt;&gt;","http://www.cruzroja.es/principal/web/info-vih","53b7f0f8-","0","1","C"
"29","Qué es el VIH | Virus Inmunodeficiencia Humana | Infosalus","VIH ¿Qué es el VIH? Es una enfermedad infecciosa causada por un agente transmisible, el virus de la inmunodeficiencia humana (VIH). En ausencia de tratamiento efectivo, el VIH produce un estado ...","https://www.infosalus.com/enfermedades/infecciosas/vih-sida/que-es-vih-sida-95.html","53b80f69-","0","1","C"
"30","¿Cuáles son los síntomas del VIH/SIDA?","Como sucede en el caso de muchas enfermedades de transmisión sexual (), los síntomas del VIH en los hombres son similares a los síntomas que presentan en todos los géneros.El SIDA (síndrome de inmunodeficiencia adquirida) es la etapa más avanzada del virus del VIH.","https://www.plannedparenthood.org/es/temas-de-salud/enfermedades-de-transmision-sexual-ets/vih-sida/cuales-son-los-sintomas-del-vihsida","53b81648-","0","1","C"
"31","Casos de VIH en Chile aumentan un 45% entre 2010 y 2015 ...","Casos de VIH en Chile aumentan un 45% entre 2010 y 2015. Según cifras del Instituto de Salud Pública, los casos positivos confirmados en mayores de 13 años subieron de 2.968 en el año 2010 a 4.291 en el 2015. Arica y Parinacota, Tarapacá y la Región Metropolitana tienen las tasas más altas.","https://www.t13.cl/noticia/nacional/casos-vih-chile-aumentan-45-2010-y-2015","53b81931-","0","1","D"
"32","VIH Sida en Chile: Cifras del Minsal indican que casos ...","VIH Sida en Chile: Cifras del Minsal ... Un total de 5.816 casos de VIH Sida fueron constatados en nuestro país durante ... Toda vez que entendemos que en Chile 45 mil personas estaban ...","https://www.24horas.cl/nacional/vih-sida-en-chile-cifras-del-minsal-indican-que-casos-crecieron-96-en-siete-anos-2684673","53b81bc7-","0","1","D"
"33","Informe casi triplica porcentaje estimado de personas con ...","Informe casi triplica porcentaje estimado de personas con VIH en Chile. Autor: Cecilia Yáñez. ... para combatir el VIH es la realización de test rápidos para así abarcar a la mayor cantidad de personas. A fines de 2017, el Hospital Clínico de la U. de Chile inició una campaña de test rápidos a sus estudiantes y población general, como ...","https://www.latercera.com/nacional/noticia/informe-casi-triplica-porcentaje-estimado-personas-vih-chile/291511/","53b82171-","0","1","D"
"34","El número de infectados por el virus del sida en el mundo ...","Con este dato el número de personas que convive con el VIH en el mundo asciende a 40,3 millones de personas, el doble que hace diez años. ... Chile y Cuba supera el 80%"" de los afectados y se ha ...","https://elpais.com/sociedad/2005/11/21/actualidad/1132527601_850215.html","53b824ff-","0","1","D"
"35","Sida: Situación en Chile - Profesor en línea","En Chile la vigilancia epidemiológica pasiva del VIH/SIDA, por notificación obligatoria de los casos de SIDA y personas VIH+ asintomáticas (portadoras) diagnosticadas en el país, permite caracterizar la epidemia de SIDA en el país y se muestra en los siguientes datos.","http://www.profesorenlinea.cl/Ciencias/SidaChile.htm","53b827c8-","0","1","D"
"36","Corporación Sida Chile asegura que contagios de VIH en ...","Corporación Sida Chile asegura que contagios de VIH en jóvenes aumentaron un 66% entre 2010 y 2016. De acuerdo a las cifras entregadas por la entidad a la Comisión de Salud de la Cámara, se pasó de 2.968 casos diagnosticados a 4.927 durante este periodo.","http://www.t13.cl/noticia/nacional/corporacion-sida-chile-asegura-contagios-vih-jovenes-aumentaron-66-2010-y-2016","53b82a1e-","0","1","D"
"37","La infección por VIH en nuestro ... - Universidad de Chile","En Chile más hay de 30 mil personas diagnosticadas con VIH, y se estima que entre 20 y 25 mil personas podrían estar infectadas, sin diagnóstico.En este contexto, entre 1999 y 2013 ha sido en la población más joven donde proporcionalmente ha aumentado de manera más importante el contagio: en el grupo entre 15 y 19 años el alza ha sido de un 125 por ciento, mientras en los jóvenes entre ...","http://www.uchile.cl/noticias/124942/la-infeccion-por-vih-en-chile-es-una-epidemia-que-no-esta-controlada","53b82cca-","0","1","D"
"38","Chile es el país en que más aumentó el número de casos ...","El informe mundial de Onusida “Ending Aids 2017” dado a conocer ayer reveló buenas noticias: las muertes relacionadas con el virus VIH bajaron a la mitad desde el año 2005 y por primera vez en la historia, el 53% de los pacientes con el virus tienen acceso a tratamiento antirretroviral y el número de nuevas infecciones está en caída.","https://www.latercera.com/noticia/chile-casos-vih-latinoamerica/","53b85014-","0","1","D"
"39","Corporación Sida Chile","CARTA DE SOCHINF-SIDA CHILE EN EL MERCURIO 22 JUNIO 2017 ... del Sistema Nacional de Servicios de Salud Con consulta a Coordinadora Nacional de Agrupaciones de Personas Viviendo con VIH, VIVO POSITIVO. ... se calcula que en Chile la mitad de las personas que está infectada no ha sido diagnosticada y por lo tanto no está en control y tratamiento.","http://www.sidachile.cl/contenido/index.php","53b8570f-","0","1","D"
"40","Aumento de VIH en Chile: ""Este es un problema que es de ...","Según cifras del Instituto de Salud Pública, la cantidad es más del doble que la diagnosticada hace 9 años. ... Aumento de VIH en Chile: ""Este es un problema que es de Chile y que está en la ...","https://www.elmostrador.cl/agenda-pais/2019/02/15/aumento-de-vih-en-chile-este-es-un-problema-que-es-de-chile-y-que-esta-en-la-base-de-no-tener-educacion-sexual/","53b85c9d-","0","1","D"
"41","Sida: Situación en Chile - Profesor en línea","Las personas que viven con el virus del Sida tienen derecho a informaciones específicas sobre su condición como tales. 2.Toda persona que vive con el virus del Sida tiene derecho a la asistencia y al tratamiento, suministrados ambos sin ninguna restricción y garantizando su mejor calidad de vida. 3.","http://www.profesorenlinea.cl/Ciencias/SidaChile.htm","53b868d7-","0","1","E"
"42","VIH Sida en Chile: Cifras del Minsal indican que casos ...","VIH Sida en Chile: Cifras del Minsal ... El grupo de riesgo más afectado por la estadística es el de personas que tienen entre 15 y 25 años de edad. La cifra (96%) supera ampliamente el 66% ...","https://www.24horas.cl/nacional/vih-sida-en-chile-cifras-del-minsal-indican-que-casos-crecieron-96-en-siete-anos-2684673","53b86b00-","0","1","E"
"43","¿cual es el porcentaje de personas con sida en el mundo ...","¿cual es el porcentaje de personas con sida en el mundo? ... 32 millones d personas tienen VIH, y unas 12-15 millones tienes sida, otro dato, no importante pro si relevante sq USA, tiene l mayor numero d contagiados n l mundo, con aproximadamente 30 mil contagios x dia y un numero d muertes x sida casi = x dia ... ¿Cuantos días se tardan en ...","https://es.answers.yahoo.com/question/index?qid=20120409102220AAll31P","53b86d11-","0","1","E"
"44","Sida Chile","¿Cuándo una persona se considera que tiene SIDA? Cuando la Infección por VIH ha provocado un deterioro importante de su inmunidad, en las etapas más avanzadas de la infección por el VIH; momento en el que se manifiesta alguna de las más de 20 infecciones oportunistas o cánceres relacionados con el VIH.","http://sidachile.cl/contenido/vih-sida.php","53b8729d-","0","1","E"
"45","¿ Cuantas Personas Hay en el Mundo ? y Cuantas Tienen SIDA ...","HOlakeria saber si alguien sabe cuantas personas tienen en total el planeta tierra y cual es elporcentaje de enfermos de SIDA si alguien sabe de antemano MUCHAS GRACIAS","https://espanol.answers.yahoo.com/question/index?qid=20080623151741AAxhOxj&sort=O","53b874fb-","0","1","E"
"46","Trasplantes de órganos: Chile lidera eficiencia de ...","Entre 6 y 8 personas por cada millón son donantes en Chile, una cifra baja comparada con el resto de América Latina. Sin embargo, Chile lidera la utilización de órganos en la región. Las autoridades asumen que debe mejorar la coordinación entre los donantes y sus familias, quienes actúan como garantes de la decisión.","https://www.t13.cl/noticia/nacional/trasplantes-de-organos-chile-lidera-eficiencia-de-utilizacion-de-organos-en-la-region","53b87715-","0","1","E"
"47","¿Cuantas personas hay en el mundo exactamente? 2018","Una de las dudas que más personas se plantean relativo a la demografía y a conocer las personas que viven en el mundo realmente, es algo que vale la pena analizar ya que muchas veces esos factores pueden ser determinantes para entender nuestra realidad, así como acercarnos un poco a todo lo relativo que tiene nuestro planeta, de esta manera, vale la pena activar todos nuestros conocimientos ...","https://ciudades30.com/demografia/cuantas-personas-hay-en-el-mundo-exactamente-2015/","53b87c9f-","0","1","E"
"48","¿Cuánto dinero hay que tener para ser parte del 1% más ...","Contrario a lo que se podría pensar, no hace falta ser millonario para ser parte del 1% más pudiente de la humanidad. Un dato que revela que la riqueza está concentrada en un segmento todavía ...","https://www.bbc.com/mundo/noticias/2015/01/150119_desigualdad_riqueza_mundial_uno_por_ciento_lf","53b88067-","0","1","E"
"49","¿cuantas personas de 100 personas tienen sida? | Yahoo ...","Mejor respuesta: Hola....No tengo ni idea. Ten por seguro que la mayoria de las personas que estn infectadas no lo saben..... O sea, que hablamos de las estdisticas de sanida, puesto que es una enfermedad que hay que ""declararla""..... Bajo mi punto de vista estaremos en un tres o un cuatro por ciento.","https://espanol.answers.yahoo.com/question/index?qid=20090310142333AAGxeLJ","53b88574-","0","1","E"
"50","Informe de Inclusión Financiera en Chile - 2016","Financiera en Chile El presente informe tiene como objetivo contribuir a la medición y evaluación de la ... et al. (2012) las personas excluidas financieramente tienen mayores posibilidades de ser incluidas en economías con menores costos y mayor penetración de servicios financieros. ... posicionar a Chile a nivel internacional en cuanto a ...","http://www.sbif.cl/sbifweb3/internet/archivos/publicacion_11243.pdf","53b8878f-","1","1","E"
"51","El crimen en Chile (1569-1930) - Memoria Chilena ...","El crimen en Chile (1569-1930) Crimen y criminales En cada época histórica la sensación de inseguridad se ha manifestado con distintas intensidades. La manera de narrar y pensar la criminalidad ha ido cambiando a lo largo de los años, pero siempre se ha mantenido un especial interés de la sociedad por leer y conocer en profundidad los casos más impactantes.","http://www.memoriachilena.gob.cl/602/w3-article-100603.html","53b88ca8-","11","2","A"
"52","El crimen organizado en Chile: Una aproximación ...","El crimen organizado en Chile. Una aproximación criminológica al perfil del delincuente a través de un estudio a una muestra no representativa de condenados por delitos de tráfico de estupefacientes * Organized crime in Chile. A criminological approach to profile of offenders through a study of a non-representative sample of offenders ...","https://scielo.conicyt.cl/scielo.php?script=sci_arttext&pid=S0718-33992015000100002","53b88ecf-","10","2","A"
"53","Los crímenes que han marcado la historia policial chilena ...","El crimen de Lolol, y la posibilidad de haber descubierto a un asesino en serie, se suma a la lista mostrado casos que han impactado a la opinión pública chilena. ... Noticias de Chile y el ...","https://www.24horas.cl/nacional/los-crimenes-que-han-marcado-la-historia-policial-chilena-220642","53b89457-","1","2","A"
"54","Fiscalía de Chile | Áreas de Persecución | Crimen ...","El Crimen organizado no es un delito en sí mismo, se trata de una denominación genérica que se les da a aquellos delitos en los que actúan grupos de personas en forma organizada. En nuestro país el delito que sanciona este tipo de conductas es la asociación ilícita, la que consiste en un grupo de sujetos (dos o más personas) que se ...","http://www.fiscaliadechile.cl/Fiscalia/areas/organizado.jsp","53b896b8-","0","2","A"
"55","Cibercrimen - pdichile.cl","Brigadas Investigadoras del Cibercrimen. Nacen como una respuesta de la PDI al creciente desarrollo de la criminalidad informática en Chile y de la necesidad de contar con unidades dedicadas a la investigación y solución de los problemas que enfrenta la ciudadanía en el mundo virtual globalizado.","http://www.pdichile.cl/instituci%C3%B3n/unidades/cibercrimen","53b89c21-","0","2","A"
"56","Chile Crime Stats: NationMaster.com","Serious crime is not as prevalent in Chile as it is in other South American countries, with just 183 manslaughters committed in 2002 and an overall homicide per capita rate of just 1.7 per 100,000 of the population, a rate that ranks Chile 28th in the world and quite some distance behind South Africa (125) and Colombia (114). The country has the 16th highest total prisoner population globally ...","https://www.nationmaster.com/country-info/profiles/Chile/Crime","53b89e33-","0","2","A"
"57","Macabro crimen en Santiago centro: prisión preventiva para ...","Aton Chile. Macabro crimen en Santiago centro: prisión preventiva para asesino de conserje que impidió femicidio El trabajador forcejeó con el atacante y avisó a la mujer, quien logró escapar ...","https://www.publimetro.cl/cl/noticias/2019/04/07/homicidio-conserje-intento-femicidio-santiago.html","53b8a327-","0","2","A"
"58","Noticias sobre crimen organizado en Chile","Perfil de Chile. A pesar de su cercanía a los países andinos productores de cocaína, Chile no ha sufrido los efectos negativos del crimen organizado como los han padecido otras naciones de la región. De hecho, es uno de los países más seguros de Latinoamérica.","https://es.insightcrime.org/noticias-sobre-crimen-organizado-en-chile/","53b8a53e-","0","2","A"
"59","¿Más delincuencia en Chile? Los datos de la percepción ...","Pero, a pesar de que queda mucho para erradicar la delincuencia en Chile, las cifras indican que en los últimos años ha ido bajando la tasa de delitos de mayor connotación social. ¿Qué son los delitos de mayor connotación social? Los robos violentos, hurtos, lesiones, violaciones, homicidios, entre otros.","https://www.eldefinido.cl/actualidad/pais/7806/Mas-delincuencia-en-Chile-Los-datos-de-la-percepcion-versus-la-realidad/","53b8a7bd-","0","2","A"
"60","Galería: Estos son los 10 crímenes ... - Publimetro Chile","Galería: Estos son los 10 crímenes más macabros ocurridos en Chile Cada cierto tiempo se reportan en el país crímenes que no dejan a nadie indiferente, puede ser por la planificación con la ...","https://www.publimetro.cl/cl/nacional/2014/11/13/galeria-estos-son-10-crimenes-mas-macabros-ocurridos-chile.html","53b8acd2-","0","2","A"
"61","Para reducir la delincuencia y el crimen. - LatamIsrael","Para reducir la delincuencia y el crimen. 27/11/2018, 7:05 am 37 Views 1 Comment. 174. VECES COMPARTIDO. ... demostró que el crimen en esa ciudad se concentra de manera similar. Sólo el 5 por ciento de los segmentos de la calle de Tel Aviv producen el 50 por ciento de la delincuencia, con sólo el 1 por ciento de los segmentos de calle que ...","https://latamisrael.com/como-reducir-la-delincuencia/","53b8aecc-","0","2","B"
"62","CORRUPCION EN CHILE Y EL MUNDO: &#39;Reducir el crimen es una ...","Pero reducir el crimen era algo que la gente creía que nunca se podría hacer en la ciudad de Nueva York. Llegó a ser una de las más inseguras del mundo y hoy es una de las más seguras de los EE. UU. ¡Usted logró reducir el crimen un 65 por ciento y el asesinato en 70 por ciento!","https://corrupcion-chile.blogspot.com/2011/08/reducir-el-crimen-es-una-cuestion-de.html","53b8b3c1-","0","2","B"
"63","Delincuencia en Chile: diagnóstico y propuestas","En el siguiente gráfico se presenta la evolución de la tasa de victimización anual global por hogar en Chile entre 2005 y 2011. Como se observa, salvo el año 2008, en que se registró una leve alza, y el año 2011, que se compara con el año en que todas los registros y estadísticas se comportan de forma","http://www.95propuestas.cl/site/wp-content/uploads/2013/05/delincuencia-en-chile-diagnostico-y-propuestas-catalina-mertz.pdf","53b8b5d0-","0","2","B"
"64","¿Cómo reducir el crimen? - minterior.gub.uy","En la mañana de este miércoles 29 de abril comenzó el seminario internacional “Cómo reducir el crimen: desafíos desde el sur” organizado por el Ministerio del Interior y el Banco Interamericano de Desarrollo.","https://www.minterior.gub.uy/index.php/2013-06-17-14-41-56/2012-11-13-13-08-52/78-noticias/ultimas-noticias/2749-como-reducir-el-crimen","53b8bad5-","0","2","B"
"65","Crimen organizado: la amenaza al sistema político chileno ...","Que hoy no exista una penetración fuerte del crimen organizado en Chile no garantiza, necesariamente, que en el futuro cercano no se generen más oportunidades para la expansión de redes criminales que operan con mucho éxito (y por tanto, generando muchos recursos de poder) en el futuro.","https://ciperchile.cl/2017/02/27/crimen-organizado-la-amenaza-al-sistema-politico-chileno-que-se-ignora/","53b8bcc9-","0","2","B"
"66","Giuliani: ""Si la voluntad política es reducir el crimen ...","El ex alcalde de Nueva York dijo que la delincuencia en Chile ha subido ""y de la peor forma, con violencia"" Giuliani: ""Si la voluntad política es reducir el crimen, todos se enfocarán en aquello"" viernes, 17 de junio de 2016","http://www.economiaynegocios.cl/noticias/noticias.asp?id=262813","53b8c231-","0","2","B"
"67","UNIVERSIDAD DE CHILE - Repositorio Académico","en menores de edad, en contextos como el chileno. En este sentido, se estudia la relación entre resultados educacionales y tasas de criminalidad adolescente en Chile mediante una estimación por mínimos cuadrados ordinarios, utilizando una adaptación del clásico marco teórico del crimen.","http://repositorio.uchile.cl/tesis/uchile/2011/ec-param_f/pdfAmont/ec-param_f.pdf","53b8c417-","0","2","B"
"68","El crimen en Chile (1569-1930) - Memoria Chilena ...","El crimen en Chile (1569-1930) Crimen y criminales En cada época histórica la sensación de inseguridad se ha manifestado con distintas intensidades. La manera de narrar y pensar la criminalidad ha ido cambiando a lo largo de los años, pero siempre se ha mantenido un especial interés de la sociedad por leer y conocer en profundidad los casos más impactantes.","http://www.memoriachilena.gob.cl/602/w3-article-100603.html","53b8c91f-","0","2","B"
"69","Noticias sobre crimen organizado en Chile","Perfil de Chile. A pesar de su cercanía a los países andinos productores de cocaína, Chile no ha sufrido los efectos negativos del crimen organizado como los han padecido otras naciones de la región. De hecho, es uno de los países más seguros de Latinoamérica.","https://es.insightcrime.org/noticias-sobre-crimen-organizado-en-chile/","53b8cb3f-","0","2","B"
"70","Tecnología contra el crimen: Entusiasmo con cautela y ...","Es la conocida bala mágica que todo lo cura. Ustedes, como expertos en el tema, saben muy bien que el crimen es un fenómeno complejo, que requiere de soluciones en muchos frentes. De poca utilidad es una policía eficiente que usa tecnología contra el crimen si las cárceles están desbordadas y el sistema judicial no funciona como debería.","https://blogs.iadb.org/seguridad-ciudadana/es/tecnologia-contra-el-crimen-entusiasmo-con-criterio/","53b8cd43-","0","2","B"
"71","Para reducir la delincuencia y el crimen. - LatamIsrael","Sólo el 5 por ciento de los segmentos de la calle de Tel Aviv producen el 50 por ciento de la delincuencia, con sólo el 1 por ciento de los segmentos de calle que producen alrededor del 25 por ciento de la delincuencia. Delincuencia y el crimen. El mismo tipo de datos existe en otras ciudades, según notas de Weisburd.","https://latamisrael.com/como-reducir-la-delincuencia/","53b8d2a0-","0","2","C"
"72","¿Cómo reducir el crimen? - minterior.gub.uy","¿Cómo reducir el crimen? ... prácticas en prevención e investigación del crimen y avanzar hacia la creación de un Centro de Criminología que el Gobierno de Uruguay está promoviendo como una forma de responder de modo estructural y sostenible a esa demanda. En la ceremonia de apertura, el representante del BID en Uruguay, Juan José ...","https://www.minterior.gub.uy/index.php/2013-06-17-14-41-56/2012-11-13-13-08-52/78-noticias/ultimas-noticias/2749-como-reducir-el-crimen","53b8d4e2-","0","2","C"
"73","10 principios para la prevención del crimen - Impacto","10 principios para la prevención del delito. Lawrence Sherman es uno de los expertos más reconocidos en todo el mundo. Su uso de evidencia empírica, derivada de experimentos aleatorios de castigo y prevención del crimen, ha tenido un profundo impacto en el mundo desarrollado.","https://blogs.iadb.org/efectividad-desarrollo/es/10-principios-para-la-prevencion-del-crimen/","53b8d713-","0","2","C"
"74","Cómo reducir el crimen a través del diseño urbano - LA.Network","El diseño urbano puede reducir la delincuencia y juega un papel importante en la prevención del crimen. El uso de la planificación urbana para reducir la desigualdad y la marginalidad con intervenciones a nivel de calle en los asentamientos informales, son algunas de las iniciativas más importantes en la prevención de la inseguridad.","http://la.network/como-reducir-el-crimen-a-traves-del-diseno-urbano/","53b8dbfb-","0","2","C"
"75","Secretos de Estados Unidos para reducir el crimen - Infobae","Secretos de Estados Unidos para reducir el crimen El caso de Nueva York es emblemático. La tolerancia cero permitió bajar la criminalidad, pero generó fuertes polémicas.","https://www.infobae.com/2012/11/04/1060820-secretos-estados-unidos-reducir-el-crimen/","53b8de0f-","0","2","C"
"76","Ecuador: los datos un ingrediente clave para reducir crimen","Conoce como el análisis de datos para reducir el crimen puede ser la clave para Guayaquil. ... Los líderes de la policía local ven al DAID como socios clave en sus esfuerzos por reducir el crimen. El trabajo de DAID está mostrando resultados, los cuáles se analizarán en un estudio de caso que se diseminará próximamente.","https://blogs.iadb.org/seguridad-ciudadana/es/datos-para-reducir-crimen-en-ecuador/","53b8dfec-","0","2","C"
"77","3 formas de reducir la delincuencia en tu vecindario - wikiHow","Cómo reducir la delincuencia en tu vecindario. En este artículo: Educarte a ti y a tu vecindario Organizar tu vecindario Mejorar tu vecindario La delincuencia existe en todo el mundo. A pesar de que la situación puede parecer abrumante, hay algunas cosas que puedes hacer para tratar la delincuencia en tu comunidad.","https://es.wikihow.com/reducir-la-delincuencia-en-tu-vecindario","53b8e4d6-","0","2","C"
"78","¿como se puede reducir la delincuencia y los crimines ...","La mano dura no soluciona el crimen, no inhibe a los delincuentes. Por siglos existió la guillotina en muchos paises, por decadas ha existido la camara de gas, inyección letal, silla eletrica y demás ejecuciones en paises como EEUU, y no por eso se ha erradicado el crimen en ciudades como Nueva York, Filadelfia, Baltimoreo Los Angeles, etc","https://es.answers.yahoo.com/question/index?qid=20130225214147AAD2YZl","53b8e746-","0","2","C"
"79","Cómo reducir el crimen en ""Stronghold 2"" / Cusiritati.com","Cómo reducir el crimen en ""Stronghold 2"" ... Los nuevos ciudadanos sustituyen a los criminales ejecutados tan pronto como el castigo ha terminado. Consejos y advertencias. Algunos dispositivos de castigo, como las acciones y horca, ofrecen una mayor honor para el reino a costa de tiempo de rehabilitación.","https://www.cusiritati.com/vBdMagQ3k/","53b8e956-","0","2","C"
"80","¿Puede el empleo temporal ayudar a reducir el crimen?","El Salvador fue uno de los países más afectados del mundo durante la crisis financiera del periodo 2008-09. El país sufrió una contracción significativa","https://la.network/puede-el-empleo-temporal-ayudar-a-reducir-el-crimen/","53b8ee43-","0","2","C"
"81","CORRUPCION EN CHILE Y EL MUNDO: &#39;Reducir el crimen es una ...","Pero reducir el crimen era algo que la gente creía que nunca se podría hacer en la ciudad de Nueva York. Llegó a ser una de las más inseguras del mundo y hoy es una de las más seguras de los EE. UU. ¡Usted logró reducir el crimen un 65 por ciento y el asesinato en 70 por ciento!","https://corrupcion-chile.blogspot.com/2011/08/reducir-el-crimen-es-una-cuestion-de.html","53b8f108-","0","2","D"
"82","&#39;Reducir el crimen es una cuestión de voluntad política ...","Pero reducir el crimen era algo que la gente creía que nunca se podría hacer en la ciudad de Nueva York. Llegó a ser una de las más inseguras del mundo y hoy es una de las más seguras de los EE. UU. ¡Usted logró reducir el crimen un 65 por ciento y el asesinato en 70 por ciento!","https://consultajuridicachile.blogspot.com/2011/08/reducir-el-crimen-es-una-cuestion-de.html","53b8f31d-","0","2","D"
"83","Delincuencia en Chile: diagnóstico y propuestas","En el siguiente gráfico se presenta la evolución de la tasa de victimización anual global por hogar en Chile entre 2005 y 2011. Como se observa, salvo el año 2008, en que se registró una leve alza, y el año 2011, que se compara con el año en que todas los registros y estadísticas se comportan de forma","http://www.95propuestas.cl/site/wp-content/uploads/2013/05/delincuencia-en-chile-diagnostico-y-propuestas-catalina-mertz.pdf","53b8f806-","0","2","D"
"84","Giuliani: ""Si la voluntad política es reducir el crimen ...","El ex alcalde de Nueva York dijo que la delincuencia en Chile ha subido ""y de la peor forma, con violencia"" Giuliani: ""Si la voluntad política es reducir el crimen, todos se enfocarán en aquello"" viernes, 17 de junio de 2016","http://www.economiaynegocios.cl/noticias/noticias.asp?id=262813","53b8fa16-","0","2","D"
"85","Para reducir la delincuencia y el crimen. - LatamIsrael","Además, casi el 25 por ciento de los crimenes se encuentran en un 1 por ciento de los segmentos de la calle. En una investigación posterior en Tel Aviv, Weisburd, junto con su estudiante graduado Shai Amram, demostró que el crimen en esa ciudad se concentra de manera similar.","https://latamisrael.com/como-reducir-la-delincuencia/","53b8fc3a-","0","2","D"
"86","CESC | Centro de Estudios en Seguridad Ciudadana","El Crimen en Chile ... constituye un paso adelante en materia de políticas públicas dirigidas a reducir el delito y la violencia. ... El trabajo realizado por el profesor Olavarría es precisamente un esfuerzo por caracterizar a las víctimas de delitos en nuestro país, a partir de un estudio realizado sobre los datos aportados por la ...","http://www.cesc.uchile.cl/serie_estudios_13.htm","53b9015d-","0","2","D"
"87","El crimen en Chile (1569-1930) - Memoria Chilena ...","El crimen en Chile (1569-1930) Crimen y criminales En cada época histórica la sensación de inseguridad se ha manifestado con distintas intensidades. La manera de narrar y pensar la criminalidad ha ido cambiando a lo largo de los años, pero siempre se ha mantenido un especial interés de la sociedad por leer y conocer en profundidad los casos más impactantes.","http://www.memoriachilena.gob.cl/602/w3-article-100603.html","53b90389-","0","2","D"
"88","Crimen organizado: la amenaza al sistema político chileno ...","Que hoy no exista una penetración fuerte del crimen organizado en Chile no garantiza, necesariamente, que en el futuro cercano no se generen más oportunidades para la expansión de redes criminales que operan con mucho éxito (y por tanto, generando muchos recursos de poder) en el futuro.","https://ciperchile.cl/2017/02/27/crimen-organizado-la-amenaza-al-sistema-politico-chileno-que-se-ignora/","53b9089a-","0","2","D"
"89","Ecuador: los datos un ingrediente clave para reducir crimen","Otra, es ver esto en acción. Datos para reducir el crimen. En mi última visita a una institución que el BID apoya en el sector de seguridad ciudadana, fui al Departamento de Análisis del Delito (DAID), parte del Ministerio del Interior ecuatoriano. El DAID juega un papel crítico en el análisis de cantidades sustanciales de datos ...","https://blogs.iadb.org/seguridad-ciudadana/es/datos-para-reducir-crimen-en-ecuador/","53b90ac4-","0","2","D"
"90","Conozca la forma cómo Japón mantiene bajos sus niveles de ...","Conozca la forma cómo Japón mantiene bajos sus niveles de crimen y victimización. Los índices de crimen y victimización en Japón son los más bajos entre los países industrializados, esto se explica por tener instituciones fuertes, sin embargo el factor cultural y la idiosincrasia son clave para reducir los actos delictivos.","https://www.bcn.cl/observatorio/asiapacifico/noticias/japon-bajos-niveles-victimizacion-crimen","53b91009-","0","2","D"
"91","La historia de violencia tras el horrendo crimen del ...","El menor de solo dos años habría recibido golpes por varios días antes del horrible crimen cometido presuntamente por sus familiares más cercanos. ,Muy Buenos Días,Sección del programa Muy Buenos Días de TVN, dedicada a la información y al análisis de acontecimientos actuales y noticias ocurridas en Chile y el mundo.","https://www.tvn.cl/programas/muybuenosdias/actualidad/la-historia-de-violencia-tras-el-horrendo-crimen-del-angelito-de-curacavi--3277716","53b91281-","0","2","E"
"92","Crimen de profesor Nibaldo habría ocurrido en su propia ...","Según las primeras informaciones entregadas por la policía, el asesinato fue presuntamente planificado y ejecutado por su ex esposa y su nueva pareja en el hogar de Nibaldo Villegas. ,Muy Buenos Días,Sección del programa Muy Buenos Días de TVN, dedicada a la información y al análisis de acontecimientos actuales y noticias ocurridas en Chile y el mundo.","https://www.tvn.cl/programas/muybuenosdias/actualidad/crimen-de-profesor-en-villa-alemana-2797887","53b917d2-","0","2","E"
"93","Natalia Cuéllar: ""La tortura sexual no es un crimen de ...","Cuarenta y tres o 45 años de edad tendrían hoy algunos niños, que hasta ahora no se sabe si nacieron o no, cuyas madres en estado de embarazo fueron detenidas y desaparecidas en un centro de ...","https://www.biobiochile.cl/noticias/artes-y-cultura/actualidad-cultural/2019/04/02/natalia-cuellar-la-tortura-sexual-no-es-un-crimen-de-lesa-humanidad-en-chile.shtml","53b919f9-","0","2","E"
"94","¿Más delincuencia en Chile? Los datos de la percepción ...","Pero, a pesar de que queda mucho para erradicar la delincuencia en Chile, las cifras indican que en los últimos años ha ido bajando la tasa de delitos de mayor connotación social. ¿Qué son los delitos de mayor connotación social? Los robos violentos, hurtos, lesiones, violaciones, homicidios, entre otros.","https://www.eldefinido.cl/actualidad/pais/7806/Mas-delincuencia-en-Chile-Los-datos-de-la-percepcion-versus-la-realidad/","53b91f48-","0","2","E"
"95","Crimen | Actualidad y Policiales | ElPopular.pe","Actualidad y Policiales » Crimen. Tweet Crimen. Hace 2 días 9 horas. Crimen. VES: ¡Alto al crimen! ... Este crimen en el distrito de Independencia se trataría de un nuevo caso de feminicidio ...","https://www.elpopular.pe/actualidad-y-policiales/crimen","53b92172-","0","2","E"
"96","Juicio por crimen de profesor Nibaldo Villegas entra en su ...","Con su testimonio termina la prueba del Ministerio Público y la parte querellante en este juicio, dando paso a la presentación de la prueba de la defensa de Francisco Silva, el abogado Carlos Oliva. Lee también: Juicio por crimen de profesor Nibaldo Villegas entra en su recta final","https://www.soychile.cl/Valparaiso/Sociedad/2019/05/02/593523/Juicio-por-crimen-de-profesor-entra-en-su-recta-final.aspx","53b9266c-","0","2","E"
"97","El crimen en Chile (1569-1930) - Memoria Chilena ...","El crimen en Chile (1569-1930) Crimen y criminales En cada época histórica la sensación de inseguridad se ha manifestado con distintas intensidades. La manera de narrar y pensar la criminalidad ha ido cambiando a lo largo de los años, pero siempre se ha mantenido un especial interés de la sociedad por leer y conocer en profundidad los casos más impactantes.","http://www.memoriachilena.gob.cl/602/w3-article-100603.html","53b92918-","0","2","E"
"98","Matan a puñaladas a víctima numero 40 de feminicidio en ...","Una mujer de 51 años fue asesinada a puñaladas por su exmarido, de 54, en el feminicidio número 40 cometido en Chile durante 2018, informaron hoy fuentes policiales.. El crimen ocurrió durante la noche del jueves 21 de diciembre de 2018, en la localidad de Buin, a 30 kilómetros de Santiago, y tras matar a la mujer el hombre se quitó la vida con la misma arma, indicaron las fuentes.","https://www.elespectador.com/noticias/actualidad/punaladas-asesinan-victima-numero-40-de-feminicidio-en-chile-articulo-830521","53b92e37-","0","2","E"
"99","Actualidad – CIPER Chile","CIPER Chile : Centro de Investigación e Información Periodística. La policía nicaragüense cierra los medios dirigidos por el principal periodista del país, Carlos Fernando Chamorro, en una ofensiva contra los críticos al régimen de Daniel Ortega.","https://ciperchile.cl/actualidad/","53b93047-","0","2","E"
"100","Los 4 delitos más comunes y rentables del crimen ...","Portada Actualidad Los 4 delitos más comunes y rentables del crimen transnacional en América Latina Publicado: 28 feb 2019 18:21 GMT ... Argentina, Brasil, Chile, Ecuador, Paraguay y Venezuela. ...","https://actualidad.rt.com/actualidad/307104-delitos-crimen-transnacional-america-latina","53b93564-","0","2","E"
"101","Cómo construir un auto deportivo con poco dinero | DOGGUIE","Cómo construir un auto deportivo con poco dinero. coches, Curiosidades, inventos raros. Cómo construir un auto deportivo con poco dinero. Dogguie 8 años ago 50 comentarios. Prev Article Next Article ... No se si vas a poder andar “a las chapas” como todo un Fangio, pero al menos para sacarte la fotito y ponerla en el perfil de alguna red ...","https://www.dogguie.net/como-construir-un-auto-deportivo-con-poco-dinero/","53b9375e-","0","3","A"
"102","Cómo construir un motor de automóvil desde cero | Puro Motores","Construir un motor de automóvil desde cero, lleva tiempo y paciencia. También deberás tener cerca un mecánico experto que te ayude en esta aventura. Este proyecto implica más que unir piezas. Según el tipo de motor, existen diferentes tolerancias y aprietes sobre las tuercas y pernos, que deben mantenerse.","https://www.puromotores.com/13086093/como-construir-un-motor-de-automovil-desde-cero","53b93973-","0","3","A"
"103","Como se Fabrica un Auto. Explicado - YouTube","Relájate y disfruta en HD del proceso de ensamblado de un Auto explicado en pocos minutos. Macho que se Respeta. RECUERDA, si no has terminado la secundaria y/o primaria en el BRUNO TRAVERSO lo ...","https://www.youtube.com/watch?v=o_pZZQvizAA","53b93b67-","0","3","A"
"104","Como construir tu propio auto electrico (MATIAS270298 ...","Esto podría ser tan simple como una parte Radio de mano de us$ 3, o tan elegante como una compra, de partes de la especializadas tales como un Curtis PB-6. Pude dividir la diferencia e instale un pot de 0-5K dentro de un control de elevador (ascensor) para el control del acelerador.","https://www.taringa.net/+autos_motos/como-construir-tu-propio-auto-electrico-matias270298_ucn8z","53b94000-","0","3","A"
"105","Fabricación de automóviles - Wikipedia, la enciclopedia libre","Fases. Antes de producir un vehículo, ha de completarse su desarrollo y validación. Los diferentes pasos necesarios para la fabricación de un vehículo están descritos más abajo, si bien, también es posible que algunos de ellos ocurran de forma paralela para optimizar el tiempo, lo que se conoce como ingeniería simultánea.Todos los pasos descritos a continuación no tienen por qué ...","https://es.wikipedia.org/wiki/Fabricaci%C3%B3n_de_autom%C3%B3viles","53b94220-","0","3","A"
"106","Guía paso a paso para construir tu propio auto RC | Puro ...","Haz un agujero en el centro y añade una varilla de acero, fija una cabeza de acero y el electrodo en el extremo de la varilla y tápalos con una perilla en el exterior. Conecta el cable del gatillo a un par de resistencias para regular el eje delantero, que a su vez regula la velocidad del automóvil.","https://www.puromotores.com/13123608/guia-paso-a-paso-para-construir-tu-propio-auto-rc","53b94431-","0","3","A"
"107","Cómo construir un compresor de aire de un motor de ...","Cómo construir un compresor de aire de un motor de automóvil Los compresores de aire se utilizan para muchos tipos diferentes de aplicaciones. Muchos se utilizan para inflar neumáticos, pelotas y equipos de navegación. Sus aplicaciones más grandes se encuentran en el campo de la hidráulica. mecánica automotriz","https://www.cusiritati.com/vBdJwoZmk/","53b948de-","0","3","A"
"108","Cómo construir un automovil de juguete que se mueva sin ...","Diviértete con un automóvil de juguete que se moviliza con una banda elástica. Este auto funciona sin electricidad (baterías), y te ayudará a enseñarle a tus hijos sobre la inercia y la energía y además, aprenderán a construir sus propios juguetes.","https://www.geniolandia.com/13085516/como-construir-un-automovil-de-juguete-que-se-mueva-sin-electricidad","53b94ae0-","0","3","A"
"109","Cómo construir un modelo a escala de tu automóvil ...","Los automóviles también comienzan sus vidas como un concepto de dibujos que son convertidos en modelos a escala antes de que comience cualquier producción. Puedes rendirle homenaje a tu querido vehículo al crear un modelo a escala de la misma manera que hacen los constructores de automóviles, usando arcilla.","https://www.geniolandia.com/13086052/como-construir-un-modelo-a-escala-de-tu-automovil","53b94cda-","0","3","A"
"110","¿Cómo construir un automóvil de madera para la Etapa ...","Construir un vagón de 3/4 de pulgada de madera contrachapada de la longitud del coche y 24 pulgadas de ancho, si no hay ninguno disponible. Cortar 1x6 para ajustarla a los bordes y fije con tornillos. Pruebe el seguimiento y ajustar el peso con cuidado para evitar una caída fuera del escenario en un foso de la orquesta.","https://www.cusiritati.com/JmeLN0O3j/","53b951ac-","0","3","A"
"111","Cómo Hacer un COCHE ELÉCTRICO Casero (AL DETALLE) - YouTube","Aprende cómo hacer un Coche o Auto Eléctrico Casero. Carro Eléctrico Casero con Motor. ... Cómo Hacer un COCHE ELÉCTRICO Casero (AL DETALLE) ... Cómo hacer un camión con cartón en casa ...","https://www.youtube.com/watch?v=NdJp9LYtXO8","53b95451-","0","3","B"
"112","Cómo Hacer un Coche Eléctrico Casero - YouTube","Buenas amigos y amigas de youtube, en este vídeo os enseñare a cómo hacer un coche elétrico casero. Advertencia: No realizar ninguna de las armas o experimentos aquí mostrados, sin la ...","https://www.youtube.com/watch?v=RXzr7g-N0-A","53b9563b-","0","3","B"
"113","Cómo hacer un carro de cartón: 24 pasos (con fotos)","Cómo hacer un carro de cartón. Hacer un carro de cartón es una manualidad divertida y fácil que tú y tu hijo pueden hacer juntos. Si usas cajas grandes, puedes hacer un carro del tamaño de un niño, mientras que con cajas más pequeñas, puede...","https://es.wikihow.com/hacer-un-carro-de-cart%C3%B3n","53b95814-","0","3","B"
"114","como puedo hacer un auto tubular ? | Yahoo Respuestas","Mejor respuesta: pues Mucho depende de a que te refieras con auto tubular. en la tiendsa costo venden unos muy padres pero cuestan como $25,000 pesitos. esos ya traen motor y luces y toda la cosa. no se si solo lo quieras para cotorrear. se puede mandar a hacer con un moflero solo ncesitas diseñarlo. te ...","https://ar.answers.yahoo.com/question/index?qid=20090123134527AARecYi","53b95d3a-","0","3","B"
"115","Cómo arrancar un automóvil: 13 pasos (con fotos)","Si tu auto tiene transmisión manual, ponlo en ""punto muerto"" presionando el pedal del embrague y moviendo la palanca de cambios para quitar la marcha. La forma más fácil de arrancar un auto automático es poner el pie sobre el freno, insertar la llave en el arranque y girarla.","https://es.wikihow.com/arrancar-un-autom%C3%B3vil","53b95f5b-","0","3","B"
"116","¿QUÉ ES UN AUTO EN DERECHO? SIGNIFICADO Y COMPOSICIÓN ...","Este es un ejemplo de Auto judicial para la apertura de un juicio oral en el ámbito penal, como se puede ver se exponen los hechos que dan lugar a que se dicte este auto donde el Ministerio Fiscal solicitó unas penas por una serie de delitos. En segundo lugar se establecen las bases jurídicas para tomar la decisión final.","https://www.eljuridistaoposiciones.com/que-es-un-auto-en-derecho-significado-composicion/","53b96144-","0","3","B"
"117","¿Cómo hacer el cambio de propietario de un auto?","Es por lo anterior, que el cambio de propietario es importante para la persona que vende el auto y así no ser involucrado en diversos problemas en los que puede estar relacionado el vehículo en un futuro y que pueden ser tan fuertes como un atropellado, un secuestro, un homicidio, venta de droga y un largo etcétera de situaciones que pasan a diario.","https://lopezdoriga.com/nacional/como-hacer-el-cambio-de-propietario-de-un-auto/","53b96625-","0","3","B"
"118","¿como se hace para hacer drift en un carro con traccion ...","¿Como Hacer Drifting Con Un Auto de Traccion Delantera? ¿se puede hacer drifft con un carro de tracción delantera? y si se puede ¿como? Responder a preguntas ¿Rara vez es 1 en 1 millon e tenido q hacer 2 o 3 veces marcha para que encienda!no se si es normal,ya limpie las terminales de la bateria..?","https://es.answers.yahoo.com/question/index?qid=20080902203521AARy3N9","53b96840-","0","3","B"
"119","¿como hacer un carro tracciòn integral? | Yahoo Respuestas","Mejor respuesta: No te flipes porque vas a tener que hacer más trabajos que para construir una pu-ta pirámide. Además, cuando empieces a pedir precio del diferencial trasero, de la caja de transferencia, los árboles de transmisión, etc., se te van a caer las bragas al suelo, te va a salir más caro que el ...","https://es.answers.yahoo.com/question/index?qid=20090219081804AANKHiP","53b96a4e-","0","3","B"
"120","Fabricación de automóviles - Wikipedia, la enciclopedia libre","Antes de producir un vehículo, ha de completarse su desarrollo y validación. Los diferentes pasos necesarios para la fabricación de un vehículo están descritos más abajo, si bien, también es posible que algunos de ellos ocurran de forma paralela para optimizar el tiempo, lo que se conoce como ingeniería simultánea. Todos los pasos ...","https://es.wikipedia.org/wiki/Fabricaci%C3%B3n_de_autom%C3%B3viles","53b96f1f-","0","3","B"
"121","Cómo hacer un automóvil de carreras casero | Geniolandia","Construye un automóvil de carreras casero y serás parte de la historia. También serás miembro de un un grupo selecto que mantiene este pasatiempo con vida en una era de controles computarizados y juegos electrónicos.","https://www.geniolandia.com/13080524/como-hacer-un-automovil-de-carreras-casero","53b97125-","0","3","C"
"122","Hágalo Usted Mismo - ¿Cómo hacer un auto de carrera?","Un auto de carrera puede ser un juego o un objeto de colección y sin duda tendrá mayor valor si lo hacemos nosotros mismos. Por eso en este proyecto enseñaremos a construir un auto de madera, que tenga la forma aerodinámica de uno de carrera. ... un hilo estriado como eje de automóvil, o un trozo de madera como parabrisa. ...","https://www.hagaloustedmismo.cl/paso-a-paso/proyecto/650-como-hacer-un-auto-de-carrera.html","53b97709-","0","3","C"
"123","Construcción de un coche de carrera estilo fórmula 1 - YouTube","Estudiantes de la Universidad Politécnica Salesiana Sede Cuenca pertenecientes a la carrera de Ingeniería Automotriz, realizan la construcción de un vehículo de carrera estilo fórmula 1 ...","https://www.youtube.com/watch?v=ZPfHijmxKgA","53b97e18-","0","3","C"
"124","Construccion de un auto de carreras con Pampin Chassis ...","El constructor Daniel Pampin de Pampin Racing Chassis nos platica sobre la construcción de un auto de carreras, en esta ocasión estaba construyendo 3 autos para categoría de drift.","https://www.youtube.com/watch?v=RrogDOqsX4k","53b98055-","0","3","C"
"125","Cómo construir un coche de carreras del juguete ...","Cómo construir un coche de carreras del juguete No se puede ser ""Speed Racer"" si usted no tiene un coche de carreras rápido. Hacer que su coche de carreras fuera de un globo del partido y algunos elementos comunes que se encuentran alrededor de la casa. Su respiración se encenderá el c ...","https://www.cusiritati.com/Xzq4vwpmA/","53b98238-","0","3","C"
"126","Cómo construir un coche de carreras 914 - automotriz.mobi","El Porsche 914 es un automóvil deportivo de dos asientos, con motor central construido desde 1969 hasta 1976. Durante su ciclo de producción, el 914 fue accionado por una variedad de motores, incluyendo 2,0 litros, 1,8 litros y 1,7 litros de cuatro cilindros, así como un motor de seis cilindros de 2.0 litros, que alimenta un modelo llamado el 914/6.","http://www.automotriz.mobi/coches/Aftermarket/general-auto-upgrades/95492.html","53b9849b-","0","3","C"
"127","Cómo construir un coche de carreras Mustang - automotriz.mobi","Su atractivo, velocidad y en general la calidad estética han cautivado a los entusiastas del automóvil desde 1964. El Mustang hace un muscle car regular el uso grande, así como una excelente plataforma para las carreras. Una variedad de modelos Mustang se han utilizado en carretera y carreras de resistencia durante muchos años.","http://www.automotriz.mobi/coches/cars-trucks-autos/other-autos/113374.html","53b9899c-","0","3","C"
"128","Automóvil de carreras - Wikipedia, la enciclopedia libre","Un automóvil de carreras está modificado para usarse en competencias de automovilismo. Según la disciplina y la categoría, un automóvil de carreras puede estar basado en un automóvil de calle o puede haber sido modificado específicamente para las carreras.","https://es.wikipedia.org/wiki/Autom%C3%B3vil_de_carreras","53b98c9b-","0","3","C"
"129","Cómo construir un coche de carreras 914 / Pretexsa.com","Cómo construir un coche de carreras 914 El Porsche 914 es un automóvil deportivo de dos asientos, con motor central construido a partir de 1969 a 1976. Durante su ciclo de producción, el 914 fue impulsado por una variedad de motores, incluyendo el de 2.0 litros, 1.8 litros y 1.7 litros de","http://www.pretexsa.com/xVLqWRbM.html","53b98e9a-","0","3","C"
"130","Qué estudiar para diseñar coches o vehículos.","Qué estudiar para diseñar coches septiembre 5, 2014 by mem252 Carrera de Ingeniería Mecánica Carreras en el Exterior Experiencia Laboral Las muchas formas de Diseñar Coches. Trabajar en diseño automotriz es un mundo al cual la mayoría de los que aman los coches quieren entrar.. Sin embargo, la información sobre las actividades que allí se realizan son escasas, difíciles de encontrar ...","http://motorenmarcha.com/que-estudiar-para-disenar-coches/","53b9937d-","0","3","C"
"131","Fabricación de automóviles - Wikipedia, la enciclopedia libre","La fabricación de automóviles se refiere a la producción industrial de vehículos automóviles en fábricas habilitadas para ello. La fabricación de automóviles requiere un capital humano y financiero muy importante.. Dependiendo del tipo de vehículo, la cantidad de unidades a fabricar por día y el emplazamiento de la fábrica el grado de automatización puede variar considerablemente.","https://es.wikipedia.org/wiki/Fabricaci%C3%B3n_de_autom%C3%B3viles","53b99599-","0","3","D"
"132","Cómo construir un auto deportivo con poco dinero | DOGGUIE","Cómo construir un auto deportivo con poco dinero. Dogguie 8 años ago 50 comentarios. Prev Article Next Article ¿Quién no sueña con ser el afortunado poseedor de un auto deportivo?. Tal vez muchos de los que comentamos no tengamos la guita, ni siquiera para alquilar uno un par de horas. Bueno, si eres del club de los de “poca pasta ...","https://www.dogguie.net/como-construir-un-auto-deportivo-con-poco-dinero/","53b997bc-","0","3","D"
"133","historia y evolución de artefactos tecnológicos: historia ...","Nicolas-Joseph Cugnot (1725-1804), , escritor e inventor francés, dio el gran paso, al construir un automóvil de vapor, diseñado inicialmente para arrastrar piezas de artillería. El Fardier, como lo llamó Cugnot, comenzó a circular por las calles de París en 1769. Se trataba de un triciclo que montaba sobre la rueda delantera una caldera y un motor de dos cilindros verticales y 50 ...","https://katylomejor09.blogspot.com/2012/09/historia-y-evolucion-del-automovil.html","53b99d52-","0","3","D"
"134","Cómo construir un motor de automóvil desde cero | Puro Motores","Construir un motor de automóvil desde cero, lleva tiempo y paciencia. También deberás tener cerca un mecánico experto que te ayude en esta aventura. Este proyecto implica más que unir piezas. Según el tipo de motor, existen diferentes tolerancias y aprietes sobre las tuercas y pernos, que deben mantenerse.","https://www.puromotores.com/13086093/como-construir-un-motor-de-automovil-desde-cero","53b99f7e-","0","3","D"
"135","Proceso de fabricación de automóviles | Puro Motores","Pintura. Antes de pintar el vehículo, un equipo de control de calidad inspecciona el cuerpo del automóvil mientras descansa. Los trabajadores expertos buscan abolladuras, abrasivos, u otras deformaciones que puedan crear un problema con el acabado cuando se lleve a cabo el proceso de pintura.","https://www.puromotores.com/13154194/proceso-de-fabricacion-de-automoviles","53b9a629-","0","3","D"
"136","Como construir tu propio auto electrico (MATIAS270298 ...","¿Qué es un coche eléctrico sin un motor eléctrico grande para andarlo? Compré mi motor de 50 dólares del garaje de algún tío. Se lo había comprado un adicto al montacargas para construir su propio ascensor del automóvil, y no utilizo el motor y algunas otras partes.","https://www.taringa.net/+autos_motos/como-construir-tu-propio-auto-electrico-matias270298_ucn8z","53b9a8cd-","0","3","D"
"137","Como construir un auto en tu casa - Autos y motos en Taringa!","11 de Julio de 2012. 3. 0","https://www.taringa.net/+autos_motos/como-construir-un-auto-en-tu-casa_132gh5","53b9abf9-","0","3","D"
"138","Cómo construir un automóvil de juguete con paneles solares ...","Construir un automóvil solar de juguete es una forma de disfrutar y aprender sobre la energía solar y la ingeniería. Puedes comprar un mini panel solar y un motor para automóviles de juguete de bajo costo y luego construir el resto del mismo con materiales reciclables, al estilo que tú quieras.","https://www.geniolandia.com/13085517/como-construir-un-automovil-de-juguete-con-paneles-solares","53b9b1e6-","0","3","D"
"139","¿Qué tipo de materiales se utilizan para construir los coches?","Acero, aluminio, plástico, vidrio y caucho son algunos de los ingredientes principales. Seguridad, rendimiento y diseño impulsan las decisiones de los materiales, y varias formas de un material como el acero, se pueden utilizar en una parte de un vehículo. Acero acero es un ""pilar de automóviles de producción masiva"", según el New York Times.","http://www.automotriz.mobi/coches/cars-trucks-autos/sedans/136867.html","53b9b48a-","0","3","D"
"140","Cómo hacer un automóvil de cartón que se mueva | Geniolandia","Agrégale un poco de diversión a un automóvil hecho en casa con unas ruedas que giren. Es un modelo muy barato de hacer, así que puedes construir tu propio parque automovilístico o Derby de demolición. Este artículo proporciona instrucciones paso por paso para construir un automóvil pequeño que se mueva.","https://www.geniolandia.com/13070874/como-hacer-un-automovil-de-carton-que-se-mueva","53b9b9d1-","0","3","D"
"141","Cotiza SOAP 2019 - Seguro Obligatorio | ComparaOnline","El SOAP, o Seguro Obligatorio de Accidentes Personales, es un seguro exigido por ley para todos los vehículos motorizados terrestres, que brinda cobertura al conductor, acompañantes y terceros que puedan estar involucrados en un accidente de tránsito.","https://www.comparaonline.cl/seguro-obligatorio-soap","53b9bc49-","0","3","E"
"142","SOAP 2019 Compra tu Seguro Obligatorio | Seguros Falabella","Compra tu SOAP 2019 100% online con todo medio de pago ¡Tu Seguro Obligatorio rápido y fácil en Seguros Falabella!","https://soap.segurosfalabella.com/soap/mi-auto","53b9be88-","0","3","E"
"143","SOAP 2019: Seguro Obligatorio Accidentes Personales","Coberturas SOAP - Seguro Obligatorio Accidentes Personales Seguro Obligatorio de Accidentes Personales cubre los riesgos de muerte y lesiones corporales que puedan sufrir las personas como consecuencia de accidentes en que intervengan el vehículo asegurado, sus remolques o sus cargas.","https://www.mapfre.cl/seguros-cl/personas/seguros-de-auto/soap/","53b9c3d6-","0","3","E"
"144","Seguro Obligatorio SOAP para Camioneta y Furgoneta","El SOAP, o Seguro Obligatorio de Accidentes Personales, es un seguro exigido por ley para todos los vehículos motorizados terrestres, que brinda cobertura al conductor, acompañantes y terceros que puedan estar involucrados en un accidente de tránsito.","https://www.comparaonline.cl/seguro-obligatorio-soap/clase-de-vehiculo-camioneta-furgoneta","53b9c5ea-","0","3","E"
"145","Seguro Obligatorio SOAP 2019 | MAPFRE Chile","El SOAP es un seguro que cubre los riesgos de muerte y lesiones corporales que puedan sufrir las personas como consecuencia de accidentes en que intervengan el vehículo asegurado, sus remolques o sus cargas.","https://www.soap.cl/","53b9c827-","0","3","E"
"146","soapweb.bciseguros.cl","Ingresando la Patente se cargarán los demás datos, de no ser así, complételos. Todos los datos son obligatorios.","https://soapweb.bciseguros.cl/web/DatosVehiculo?Convenios=700660","53b9cd50-","0","3","E"
"147","SOAP 2019 - Seguro Obligatorio Bci","SOAP es un Seguro Obligatorio, exigido por ley a todos los vehículos motorizados al momento de renovar el permiso de circulación. ¿Qué cubre el SOAP? El SOAP otorga cobertura y protección en caso de muerte y lesiones corporales, que sean consecuencia de un accidente en el cual intervenga el vehículo asegurado.","https://www.bci.cl/corredora-de-seguros/seguro-obligatorio-soap","53b9cf1b-","0","3","E"
"148","SoapOk.cl - Seguro Obligatorio - SOAP Chile","Contrata tu SOAP en 3 simples pasos, 100% online en SoapOk.cl. Para autos, camionetas, motos, camiones, taxis, mini buses y más.","https://www.soapok.cl/seguros-online/soap","53b9d1ba-","0","3","E"
"149","Seguros SURA | Compra tu SOAP | Desde $4.890","El Seguro Obligatorio de Accidentes Personales, más conocido como SOAP, es un seguro exigido y regulado por la Ley N° 18.490, el cual se necesita para circular por las calles de nuestro país.","https://www.segurossura.cl/portal/productos-persona/seguros-vehiculos/seguro-obligatorio-soap","53b9d6e1-","0","3","E"
"150","SOAP 2019 | Banco Santander","El objetivo del SOAP es que las personas involucradas en un accidente en donde participen vehículos motorizados y resulten con algún tipo de lesión puedan recibir su debida indemnización. Este seguro debe ser contratado por el propietario del vehículo a la hora de obtener el permiso de circulación de la Municipalidad respectiva.","https://banco.santander.cl/landing/soap-2019","53b9d8cc-","0","3","E"
"151","Cuál es el lugar más profundo del océano? | Geniolandia","El lugar más profundo de la Tierra está situado en el Océano Pacífico al norte de Nueva Guinea, cerca de las islas Marianas. Los científicos han conocido por mucho tiempo esta fosa de las Marianas que se encuentra hundida más profunda bajo el nivel del mar que cualquier otra superficie del planeta, pero el punto exacto más profundo no fue localizado hasta 1960, cuando un buque de la ...","https://www.geniolandia.com/13137749/cual-es-el-lugar-mas-profundo-del-oceano","53b9db59-","0","4","A"
"152","Cuál es el océano más grande y profundo del mundo","El océano Pacífico es el océnao más grande del mundo. Este océano cubre una tercera parte de la superficie terrestre, con un área de 179,7 millones de km². Se extiende unos 15.500 km desde el mar de Bering, en el norte del Ártico, hasta los márgenes helados del ‘Antártida (el mar de Ross) en el Sur; […]","https://cualesel.net/oceano-mas-grande-y-profundo-del-mundo/","53b9e14c-","0","4","A"
"153","¿Cuál es el lugar más profundo del océano? » Respuestas.tips","Ubicación del lugar más profundo del océano. El Abismo de Challenger es una depresión del Océano Pacífico de 11 kilómetros de fondo, situada en la zona sur de la fosa de las Marianas. Debe su nombre a la expedición que exploró la profundidad de esta fosa por primera vez en el año 1875 (Expedición HMS Challenger).","https://respuestas.tips/cual-es-el-lugar-mas-profundo-del-oceano/","53b9e372-","0","4","A"
"154","Un robot alcanza el punto más profundo del océano ...","Un robot llega al punto más profundo del océano Nereus ha viajado a 10.902 metros, algo sólo logrado otras dos veces, abriendo así una nueva puerta a la exploración marina.","https://www.elmundo.es/elmundo/2009/06/03/ciencia/1244016555.html","53b9e8ba-","0","4","A"
"155","La Fosa de las Marianas - El punto más profundo del Océano ...","El análisis del contenido de los cuerpos de los crustáceos que habitan en aguas profundas ha demostrado que la fosa de las Marianas, el punto más profundo de la Tierra, tiene un nivel de sustancias tóxicas producto de la actividad humana mucho mayor que las partes costeras del océano, donde descargan las aguas residuales.","https://infinitaspalabrasmisteriosas.blogspot.com/2016/09/la-fosa-de-las-marianas-el-punto-mas.html","53b9eaa0-","0","4","A"
"156","Abismo de Challenger - Wikipedia, la enciclopedia libre","El abismo Challenger [1] (en inglés: Challenger Deep), llamado también ""fosa de Challenger"" [2] [3] o ""sima de Challenger"", [4] [5] es el punto más profundo conocido en la hidrósfera de los fondos marinos de la Tierra y con una profundidad de 10,898 a 10,916 m.. Se encuentra en el Océano Pacífico en el extremo sur de la fosa de las Marianas, cerca del grupo Islas Marianas.","https://es.wikipedia.org/wiki/Abismo_de_Challenger","53b9f012-","0","4","A"
"157","¿Cual es el punto mas profundo del océano? - Cocupo","¿Cual es el punto mas profundo del océano? Se conoce con el nombre de océano a una gran extensión de agua en el planeta Tierra. Los océanos forman la mayor parte de la superficie del planeta. Los","http://cocupo.com/punto-mas-profundo-del-oceano/","53b9f284-","0","4","A"
"158","EL ABISMO CHALLENGER, EL PUNTO MÁS PROFUNDO DEL OCÉANO ...","p. 2 ESCUELA NÁUTICA LUIS MORENO APENR 79 ES CUEL A N ÁU TI C A L U IS M ORE NO APENR 79 Juan Bravo, 66 – 28006 MADRID Tel: 91 401 40 20 402 97 35 Fax: 91 Supercurioso.com EL ABISMO CHALLENGER, EL PUNTO MÁS PROFUNDO DEL OCÉANO Fosas submarinas.","http://www.youblisher.com/p/1177789-EL-ABISMO-CHALLENGER-EL-PUNTO-MAS-PROFUNDO-DEL-OCEANO-Supercurioso/","53b9f7ab-","0","4","A"
"159","Este es el submarino de US$ 48 millones que llegará al ...","Este es el submarino de US$ 48 millones que llegará al punto más profundo del océano. Ciencia. 4 Nov 2018 - 9:36 AM. ... Su nombre es Triton 36.000/2 Hadal Exploration System y, según la compañía, es el único sumergible comercial certificado para viajes repetidos a profundidades de 10.000 metros.","https://www.elespectador.com/noticias/ciencia/este-es-el-submarino-de-us-48-millones-que-llegara-al-punto-mas-profundo-del-oceano-articulo-821901","53b9fa25-","0","4","A"
"160","El punto más profundo del océano | DunklePraxis - YouTube","El punto más profundo del océano | DunklePraxis ... El Lugar Mas Lejano Del Mundo ... Los Misteriosos Fenómenos Inexplicables del Lago más Profundo del Mundo ""Lago Baikal ...","https://www.youtube.com/watch?v=XPb-gt3Etrs","53b9ff6f-","0","4","A"
"161","Cuál es el lugar más profundo del océano? | Geniolandia","El lugar más profundo de la Tierra está situado en el Océano Pacífico al norte de Nueva Guinea, cerca de las islas Marianas. Los científicos han conocido por mucho tiempo esta fosa de las Marianas que se encuentra hundida más profunda bajo el nivel del mar que cualquier otra superficie del planeta, pero el punto exacto más profundo no fue localizado hasta 1960, cuando un buque de la ...","https://www.geniolandia.com/13137749/cual-es-el-lugar-mas-profundo-del-oceano","53ba0154-","0","4","B"
"162","Abismo de Challenger - Wikipedia, la enciclopedia libre","El abismo Challenger [1] (en inglés: Challenger Deep), llamado también ""fosa de Challenger"" [2] [3] o ""sima de Challenger"", [4] [5] es el punto más profundo conocido en la hidrósfera de los fondos marinos de la Tierra y con una profundidad de 10,898 a 10,916 m.. Se encuentra en el Océano Pacífico en el extremo sur de la fosa de las Marianas, cerca del grupo Islas Marianas.","https://es.wikipedia.org/wiki/Abismo_de_Challenger","53ba06cd-","0","4","B"
"163","Un robot alcanza el punto más profundo del océano ...","Un robot llega al punto más profundo del océano Nereus ha viajado a 10.902 metros, algo sólo logrado otras dos veces, abriendo así una nueva puerta a la exploración marina.","https://www.elmundo.es/elmundo/2009/06/03/ciencia/1244016555.html","53ba09d5-","0","4","B"
"164","El Misterio que se Esconde en el Lugar Más Profundo del ...","En el siglo XIX se descubrió que había una inmensa parte del planeta a la que jamás nos habíamos acercado ni por asomo, un lugar completamente inexplorado; e...","https://www.youtube.com/watch?v=cEiXGJcGlB8","53ba0f14-","0","4","B"
"165","¿Cuál es el lugar más profundo del océano? » Respuestas.tips","Ubicación del lugar más profundo del océano. El Abismo de Challenger es una depresión del Océano Pacífico de 11 kilómetros de fondo, situada en la zona sur de la fosa de las Marianas. Debe su nombre a la expedición que exploró la profundidad de esta fosa por primera vez en el año 1875 (Expedición HMS Challenger).","https://respuestas.tips/cual-es-el-lugar-mas-profundo-del-oceano/","53ba10ec-","0","4","B"
"166","Cuál es el océano más grande y profundo del mundo","El océano Pacífico es el océnao más grande del mundo. Este océano cubre una tercera parte de la superficie terrestre, con un área de 179,7 millones de km². Se extiende unos 15.500 km desde el mar de Bering, en el norte del Ártico, hasta los márgenes helados del ‘Antártida (el mar de Ross) en el Sur; […]","https://cualesel.net/oceano-mas-grande-y-profundo-del-mundo/","53ba163f-","0","4","B"
"167","Fosa de las Marianas - Wikipedia, la enciclopedia libre","La fosa de las Marianas es, hasta el día de hoy, la parte más profunda conocida de los océanos del mundo.. Se localiza en el fondo del Océano Pacífico occidental, al sureste de las islas Marianas, cerca de Guam al este de Filipinas. [1] Es una ""cicatriz"" en forma de media luna en la corteza terrestre y mide aproximadamente 2550 km de largo y 69 km de ancho en promedio.","https://es.wikipedia.org/wiki/Fosa_de_las_Marianas","53ba1850-","2","4","B"
"168","El abismo Challenger, el punto más profundo del océano","El abismo Challenger, con sus 10.994 metros, es el punto más profundo del océano, su distancia supera incluso la altura de nuestro Everest. ¿Te imaginas qué tipo de vida debe existir a esas profundidades y bajo esa presión?","https://supercurioso.com/el-abismo-challenger-el-punto-mas-profundo-del-oceano/","53ba1dfa-","0","4","B"
"169","La Fosa de las Marianas - El punto más profundo del Océano ...","El análisis del contenido de los cuerpos de los crustáceos que habitan en aguas profundas ha demostrado que la fosa de las Marianas, el punto más profundo de la Tierra, tiene un nivel de sustancias tóxicas producto de la actividad humana mucho mayor que las partes costeras del océano, donde descargan las aguas residuales.","https://infinitaspalabrasmisteriosas.blogspot.com/2016/09/la-fosa-de-las-marianas-el-punto-mas.html","53ba20fc-","0","4","B"
"170","Las extrañas criaturas que habitan en la Fosa de las ...","Un mundo de animales totalmente desconocidos habita en la fosa de las Marianas, en el Océano Pacífico. Es el lugar más profundo de la Tierra. Te invitamos a conocer a algunas de las criaturas ...","https://www.bbc.com/mundo/video_fotos/2016/05/160509_video_criaturas_marinas_marianas_lp","53ba235c-","0","4","B"
"171","Fosa de las Marianas - Wikipedia, la enciclopedia libre","La fosa de las Marianas es, hasta el día de hoy, la parte más profunda conocida de los océanos del mundo.. Se localiza en el fondo del Océano Pacífico occidental, al sureste de las islas Marianas, cerca de Guam al este de Filipinas. [1] Es una ""cicatriz"" en forma de media luna en la corteza terrestre y mide aproximadamente 2550 km de largo y 69 km de ancho en promedio.","https://es.wikipedia.org/wiki/Fosa_de_las_Marianas","53ba2544-","2","4","C"
"172","10 criaturas increíbles de la Fosa de las Marianas ...","La Fosa de las Marianas es el punto más profundo de los océanos de nuestro planeta. En esta grieta, este abismo que parece no tener fin, viven las criaturas más monstruosas y sorprendentes del planeta. ¡Descubre 10 de ellas! Tiburones prehistóricos, peces casi transparentes... ¡Solo para valientes!","https://supercurioso.com/criaturas-fosa-de-las-marianas/","53ba2893-","0","4","C"
"173","Fosa de las Marianas | Qué es, características ...","La fosa de las Marianas es una fosa ubicada en el océano Pacifico considerada como el lugar más profundo de la tierra en los cuales se encuentran grandes niveles de actividad microbiana. La fosa está en oscuridad profunda y con temperaturas glaciales.","https://www.euston96.com/fosa-de-las-marianas/","53ba2ab6-","0","4","C"
"174","Fosa de las Marianas: Características, Sondeos y Descensos","La fosa de las Marianas es la zona más profunda de los océanos del mundo. Se encuentra en el océano Pacífico oeste y al este de las islas Marianas. Estas islas son parte de las fosas que coinciden con una zona de subducción, un punto donde dos placas tectónicas adyacentes colisionan.","https://www.lifeder.com/fosa-de-las-marianas/","53ba2cb5-","0","4","C"
"175","ANIMALES DE LA FOSA MARINA: Fosa de las Marianas","La fosa de las Marianas es la más profunda fosa marina conocida y el lugar más profundo de la corteza terrestre. Tiene su origen en un proceso de subducción. Se localiza en el fondo del Pacífico noroccidental, al sureste de las islas Marianas, cerca de Guam.","https://animalesdelafosamarina.blogspot.com/2011/10/animales-de-la-fosa-marinas.html","53ba2ed4-","0","4","C"
"176","¿Qué esconde la Fosa de las Marianas? | Ciencia | elmundo.es","Se llamaban Don Walsh, ex teniente de la Armada de EEUU, y Jacques Piccard, oceanógrafo suizo. Y fueron los primeros en llegar al punto más profundo de la corteza terrestre: la fosa de las Marianas.","https://www.elmundo.es/elmundo/2012/03/26/ciencia/1332747812.html","53ba3477-","0","4","C"
"177","Fosa de las Marianas - EcuRed","La Fosa de las Marianas es uno de los lugares más desconocidos de la Tierra, y nunca ha sido pisado por humanos, aunque algunos sumergibles sí han logrado descender los más de 11 kilómetros de la falla más profunda de la tierra.","https://www.ecured.cu/Fosa_de_las_Marianas","53ba36e8-","0","4","C"
"178","Las extrañas criaturas que habitan en la Fosa de las ...","Un mundo de animales totalmente desconocidos habita en la fosa de las Marianas, en el Océano Pacífico. Es el lugar más profundo de la Tierra. Te invitamos a conocer a algunas de las criaturas ...","https://www.bbc.com/mundo/video_fotos/2016/05/160509_video_criaturas_marinas_marianas_lp","53ba393c-","0","4","C"
"179","¿Dónde se encuentra la fosa de las Marianas?, Información ...","La fosa de las Marianas: Es el lugar más hondo del océano Pacifico con poco más de 11 kilómetros de profundidad, está situada al este de las islas Marianas cerca de Japón en el Océano Pacífico.","https://www.vivirdiario.com/13/13/donde-se-encuentra-la-fosa-de-las-marianas/","53ba3b47-","0","4","C"
"180","ANIMALES INCREÍBLES que VIVEN en la FOSA de las MARIANAS ...","La Fosa de las Marianas es el lugar más profundo de los océanos con una profundidad de 11.000. Es un lugar tan extraño que, hasta las últimas décadas, los científicos no tenían casi ninguna ...","https://www.youtube.com/watch?v=m_BlczaM3o4","53ba3d3a-","0","4","C"
"181","¿Cuál es la mayor profundidad de los océanos? - VIX","Solo para tener una mejor idea de cuán profunda es la fosa de las marianas, alcanza con notar que sus 11 kilómetros bajo el nivel del mar, superan por más de 2 mil metros la altura del Monte ...","https://www.vix.com/es/btg/curiosidades/2010/12/01/%C2%BFcual-es-la-mayor-profundidad-de-los-oceanos","53ba3f34-","0","4","D"
"182","¿cuanta profundidad tiene el mar? | Yahoo Respuestas","El mar tiene una profundidad promedio de alrededor de 3000 a 4000 metros. Pero la mayor profundidad se encuentra en la fosa de las Marianas, en el sudeste asiático, con más de 10.000 m de profundidad. No tengo el dado exacto aquí conmigo, pero no te costará encontrar el dato con el nombre de la fosa.","https://espanol.answers.yahoo.com/question/index?qid=20130103180315AAuWKRi","53ba412e-","0","4","D"
"183","Océanos: ¿Cuál es la mayor profundidad? - okdiario.com","Sabemos que el agua en nuestro planeta ocupa alrededor de un 75% de la superficie. Sin embargo, aún no hemos sido capaces de explorar un 95% del total por culpa de sus inmensas profundidades.","https://okdiario.com/curiosidades/cual-mayor-profundidad-oceanos-418094","53ba434e-","0","4","D"
"184","Profundidad del Mar | EcoExploratorio: Museo de Ciencias ...","El Challenger Deep es de aproximadamente 10,994 m (36,070 pies) de profundidad. Se le otorga ese nombre porque el HMS Challenger, fue la primera embarcación de donde se hizo el primer sondeo de las profundidades de esta fosa en 1875. Esta profundidad supera a la montaña más alta del mundo, el Monte Everest (8,846 m= 29,022 pies).","https://ecoexploratorio.org/vida-en-el-mar/mar-y-oceano/profundidad-del-mar/","53ba490b-","0","4","D"
"185","Así es la vida a 6.000 metros de profundidad | Ciencia ...","Las profundidades del mar son la última frontera. Hay quienes dicen que los humanos solo conocen un 5% de los océanos. ... pero tienen que revisar el material para confirmarlo.","https://elpais.com/elpais/2015/05/20/ciencia/1432106842_603085.html","53ba4b32-","0","4","D"
"186","quiero saber cuanto de profundidad tendrá el mar? | Yahoo ...","Las profundidades del mar varían según las zonas y los Océanos Pero la profundidad más grande que tiene el Océano son las Fosas Marianas con 10.921 metros de profundidad Es el punto más bajo de la Tierra y se encuentran en el Pacífico.","https://es.answers.yahoo.com/question/index?qid=20071227144918AA2Ah3F","53ba4d2c-","0","4","D"
"187","¿Cuánta agua hay en el mar? Descifra el misterio","Los océanos tienen una media de profundidad de 3.900 metros. El punto más profundo se encuentra en la fosa de las Marianas. Alcanza los 11.034 metros de profundidad en un lugar conocido como abismo Challenger. ¿Cuántos agua hay en el mar? Parece imposible contabilizar cuánta agua hay en el mar y en los océanos.","https://noticias.eltiempo.es/cuanta-agua-hay-en-el-mar-dia-mundial-de-los-oceanos/","53ba4fb6-","0","4","D"
"188","Comprobar cuánta profundidad tiene el océano en realidad ...","Comprobar cuánta profundidad tiene el océano en realidad te sorprenderá ... Pero, ¿hasta qué distancia pueden bajar los expertos en el mar? Bien, el egipcio Ahmed Gabr alcanzó el récord de inmersión con oxígeno al alcanzar los 332 metros de profundidad, según BBC.","https://urbantecno.com/ciencia/oceano-profundidad-cuanto","53ba51ed-","0","4","D"
"189","Cuánto tiene de profundidad el mar - Brainly.lat","Cuánto tiene de profundidad el mar Pide más detalles ; Observar ¡Notificar abuso! por RULFO1 24.10.2017 ... Cuantos cromosomas tiene un hongo y cuantos tiene un protista? Resolver Biología; 5 puntos hace 2 horas Me podrían ayudar en esta tarea? Es importante 1. Resolver","https://brainly.lat/tarea/6702601","53ba53ec-","0","4","D"
"190","¿QUE SABES DE BUCEO?: POR CADA 10 METROS DE PROFUNDIDAD 1 ...","Para los cálculos de presiones soportadas por el buceador nos dicen los manuales de buceo que por cada 10 metros de columna de agua de mar equivale a 1 bar de presión, mientras que en agua dulce es algo menos de 1 bar, exactamente 0,97 bares.","https://quesabesdebuceo.blogspot.com/2011/07/por-cada-10-metros-de-profundidad-1.html","53ba55e7-","0","4","D"
"191","Abismo de Challenger - Wikipedia, la enciclopedia libre","Profundidad. La presión del abismo es aproximadamente 1095 veces mayor que la de la superficie. La expedición Challenger (desde diciembre de 1872 hasta mayo de 1876) fue la primera en sondear las profundidades conocidas hoy como el abismo de Challenger. El primer sondeo fue hecho el 23 de marzo de 1875, en la estación 225.","https://es.wikipedia.org/wiki/Abismo_de_Challenger","53ba5b8c-","0","4","E"
"192","El abismo Challenger, el punto más profundo del océano","Así pues, hasta el momento, la profundidad de la fosa Challenger se establece en 10.994, pero nadie niega que quepa la posibilidad de que esta distancia aumente en los próximos años. ¿Hay algún tipo de vida en el abismo Challenger? Macropinna microstoma. El propio James Cameron describió la fosa como un desierto lunar. Como si él fuera ...","https://supercurioso.com/el-abismo-challenger-el-punto-mas-profundo-del-oceano/","53ba5e0a-","0","4","E"
"193","El Misterio que se Esconde en el Lugar Más Profundo del ...","En el siglo XIX se descubrió que había una inmensa parte del planeta a la que jamás nos habíamos acercado ni por asomo, un lugar completamente inexplorado; el abismo Challenger, situado en la ...","https://www.youtube.com/watch?v=cEiXGJcGlB8","53ba609b-","0","4","E"
"194","La vida en el Abismo Challenger | Ciencia | EL MUNDO","Con sus casi 11.000 metros de profundidad, la Fosa de las Marianas, situada en el Pacífico Occidental y conocida popularmente como Abismo Challenger, es el punto más hondo que se conoce del ...","https://www.elmundo.es/ciencia/2015/01/05/54a98cd722601d473b8b4582.html","53ba629e-","0","4","E"
"195","Abismo Challenger: cómo sobrevivir a 11.000 metros de ...","Memoria de delfín - Abismo Challenger: cómo sobrevivir a 11.000 metros de profundidad - 29/01/18 El mar es el gran estómago del planeta y también una despensa a la que ahora se empieza a ...","http://www.rtve.es/radio/20180129/abismo-challenger-como-sobrevivir-11000-metros-profundidad/1668083.shtml","53ba6492-","0","4","E"
"196","¿Cuál es la mayor profundidad de los océanos?","¿Imaginas un agujero de esta enorme profundidad? Pues, aun así, también palidecería ante la zona más profunda de los océanos terrestres. El abismo de Challenger. Y es que la mayor profundidad de los océanos de nuestro planeta casi roza los 11000 metros de profundidad. En concreto, la cifra correcta a día de hoy se estima en 10994 metros ...","https://quecuriosidades.com/mayor-profundidad-oceanos/","53ba668c-","0","4","E"
"197","EL ABISMO CHALLENGER EN LA FOSA DE LAS MARIANAS","La presión en el fondo de la fosa es de 108.600 kPa (unas 1072 atm). Paralela a la fosa corre un cinturón de islas que da origen al archipiélago de islas Marianas, muchas de esas islas son de origen volcánico. Su punto más profundo es llamado abismo Challenger con 11.034 m de profundidad y una presión de 110.000 kPa.","https://josmanuelfidalgo.blogspot.com/2011/08/el-abismo-challenger-en-la-fosa-de-las.html","53ba68ae-","0","4","E"
"198","El abismo marino más profundo revela sus secretos - BBC ...","Es extraordinario pensar que la profundidad de tanto el Challenger como el HMRG es mayor que la altura sobre el nivel del mar del Monte Everest. ... el Abismo Challenger en la Fosa de las Marianas","https://www.bbc.com/mundo/noticias/2011/12/111207_ciencia_oceano_profundidad","53ba6e5d-","0","4","E"
"199","Challenger Deep: ¿qué tan profundo es el océano?","El Challenger Deep, o Abismo de Challenger, se encuentra en el extremo sur del océano Pacífico, en la parte sur de la Fosa de las Marianas, cientos y cientos de kilómetros al suroeste de la isla de Guam, en Estados Unidos, profundidades sondeadas por primera vez en 1875 en la expedición HMS Challenger.","https://wipeoutsurfmag.com/challenger-deep-profundidad-oceano/","53ba704b-","0","4","E"
"200","Fosa de las Marianas | Qué es, características ...","Tiene 20 filas de dientes y branquias en su cuerpo. Abismo de Challenger. Con 10.994 metros de profundidad, es considerado como el punto más profundo del océano. Su nombre le fue dado en el año 1872. Únicamente un hombre ha logrado llegar a los 10.898 metros en el submarino Deepsea Challenger, James Cameron. Describió la fosa como un ...","https://www.euston96.com/fosa-de-las-marianas/","53ba725c-","0","4","E"
