"id_number";"log_type";"data";"server_datetime";"FK_USUARIO_nickname"
"1";"pagination";"{""id_desafio"":2,""data"":{""pagina"":1}}";"2019-10-11 17:14:43";"usuario1"
"2";"login";;"2019-10-11 17:16:22";"Indu13"
"3";"login";;"2019-10-11 17:16:25";"Indu14"
"4";"login";;"2019-10-11 17:16:31";"Indu12"
"5";"login";;"2019-10-11 17:16:34";"Indu7"
"6";"login";;"2019-10-11 17:16:35";"indu3"
"7";"login";;"2019-10-11 17:16:38";"indu11"
"8";"login";;"2019-10-11 17:16:49";"indu6"
"9";"click_entrar";"{""id_desafio"":1}";"2019-10-11 17:17:02";"indu6"
"10";"click_entrar_cancelado";"{""id_desafio"":1}";"2019-10-11 17:17:06";"indu6"
"11";"login";;"2019-10-11 17:17:07";"Indu4"
"12";"pagination";"{""id_desafio"":2,""data"":{""pagina"":1}}";"2019-10-11 17:17:26";"usuario1"
"13";"click_entrar";"{""id_desafio"":2}";"2019-10-11 17:17:52";"Indu4"
"14";"click_entrar_confirmado";"{""id_desafio"":2}";"2019-10-11 17:17:56";"Indu4"
"15";"login";;"2019-10-11 17:18:02";"usuario1"
"16";"click_entrar";"{""id_desafio"":4}";"2019-10-11 17:18:29";"Indu12"
"17";"click_entrar";"{""id_desafio"":1}";"2019-10-11 17:18:30";"Indu7"
"18";"click_entrar_cancelado";"{""id_desafio"":4}";"2019-10-11 17:18:35";"Indu12"
"19";"click_entrar_cancelado";"{""id_desafio"":1}";"2019-10-11 17:18:35";"Indu7"
"20";"click_entrar";"{""id_desafio"":1}";"2019-10-11 17:18:52";"Indu13"
"21";"click_entrar";"{""id_desafio"":1}";"2019-10-11 17:18:52";"indu6"
"22";"click_entrar_confirmado";"{""id_desafio"":1}";"2019-10-11 17:18:54";"indu6"
"23";"click_entrar";"{""id_desafio"":4}";"2019-10-11 17:18:56";"Indu7"
"24";"click_entrar";"{""id_desafio"":4}";"2019-10-11 17:18:57";"Indu14"
"25";"click_entrar_cancelado";"{""id_desafio"":1}";"2019-10-11 17:18:57";"Indu13"
"26";"click_entrar_confirmado";"{""id_desafio"":4}";"2019-10-11 17:18:58";"Indu7"
"27";"click_entrar_confirmado";"{""id_desafio"":4}";"2019-10-11 17:18:58";"Indu14"
"28";"click_entrar";"{""id_desafio"":4}";"2019-10-11 17:18:58";"Indu13"
"29";"click_entrar_confirmado";"{""id_desafio"":4}";"2019-10-11 17:19:00";"Indu13"
"30";"click_entrar";"{""id_desafio"":4}";"2019-10-11 17:19:00";"Indu12"
"31";"click_iniciar_desafio";"{""id_desafio"":4}";"2019-10-11 17:19:02";"Indu13"
"32";"click_entrar_confirmado";"{""id_desafio"":4}";"2019-10-11 17:19:02";"Indu12"
"33";"click_iniciar_desafio";"{""id_desafio"":4}";"2019-10-11 17:19:02";"Indu7"
"34";"click_iniciar_desafio_confirmado";"{""id_desafio"":4}";"2019-10-11 17:19:03";"Indu13"
"35";"click_iniciar_desafio";"{""id_desafio"":4}";"2019-10-11 17:19:05";"Indu14"
"36";"click_iniciar_desafio_confirmado";"{""id_desafio"":4}";"2019-10-11 17:19:05";"Indu7"
"37";"click_iniciar_desafio_confirmado";"{""id_desafio"":4}";"2019-10-11 17:19:06";"Indu14"
"38";"click_entrar";"{""id_desafio"":4}";"2019-10-11 17:19:06";"indu3"
"39";"click_entrar_confirmado";"{""id_desafio"":4}";"2019-10-11 17:19:09";"indu3"
"40";"click_iniciar_desafio";"{""id_desafio"":1}";"2019-10-11 17:19:10";"indu6"
"41";"click_iniciar_desafio_confirmado";"{""id_desafio"":1}";"2019-10-11 17:19:12";"indu6"
"42";"click_iniciar_desafio";"{""id_desafio"":4}";"2019-10-11 17:19:21";"indu3"
"43";"click_iniciar_desafio";"{""id_desafio"":4}";"2019-10-11 17:19:27";"Indu12"
"44";"click_iniciar_desafio_confirmado";"{""id_desafio"":4}";"2019-10-11 17:19:29";"Indu12"
"45";"click_iniciar_desafio_confirmado";"{""id_desafio"":4}";"2019-10-11 17:19:33";"indu3"
"46";"click_entrar";"{""id_desafio"":4}";"2019-10-11 17:19:53";"indu11"
"47";"click_enviar_pretest";"{""id_desafio"":4,""dato"":{""id_pretest"":1,""respuesta"":""1"",""tipo"":""checkbox""}}";"2019-10-11 17:20:08";"Indu13"
"48";"click_enviar_pretest";"{""id_desafio"":4,""dato"":{""id_pretest"":2,""respuesta"":""profundidad\noscuridad\nvida\nfondo\npeces\nnombre\n"",""tipo"":""text""}}";"2019-10-11 17:20:08";"Indu13"
"49";"click_enviar_pretest";"{""id_desafio"":4,""dato"":{""id_pretest"":1,""respuesta"":""1"",""tipo"":""checkbox""}}";"2019-10-11 17:20:08";"Indu13"
"50";"click_enviar_pretest_confirmado";;"2019-10-11 17:20:09";"Indu13"
"51";"pagination";"{""id_desafio"":4,""data"":{""pagina"":1}}";"2019-10-11 17:20:09";"Indu13"
"52";"paso_tour";"{""id_desafio"":4,""data"":{""seccion"":""titulo_desafio""}}";"2019-10-11 17:20:10";"Indu13"
"53";"paso_tour";"{""id_desafio"":4,""data"":{""seccion"":""detalle_desafio_""}}";"2019-10-11 17:20:15";"Indu13"
"54";"paso_tour";"{""id_desafio"":4,""data"":{""seccion"":""veces_recomendado""}}";"2019-10-11 17:20:17";"Indu13"
"55";"paso_tour";"{""id_desafio"":4,""data"":{""seccion"":""detalle_recurso""}}";"2019-10-11 17:20:19";"Indu13"
"56";"paso_tour";"{""id_desafio"":4,""data"":{""seccion"":""recurso_acciones""}}";"2019-10-11 17:20:22";"Indu13"
"57";"click_entrar_confirmado";"{""id_desafio"":4}";"2019-10-11 17:20:23";"indu11"
"58";"cerrar_tour";"{""id_desafio"":4}";"2019-10-11 17:20:26";"Indu13"
"59";"click_SERP_ver";"{""id_desafio"":4,""data"":{""url"":""https://www.euston96.com/fosa-de-las-marianas/"",""id_SERP"":200}}";"2019-10-11 17:20:31";"Indu13"
"60";"click_iniciar_desafio";"{""id_desafio"":2}";"2019-10-11 17:21:13";"Indu4"
"61";"login";;"2019-10-11 17:21:16";"indu5"
"62";"click_iniciar_desafio_confirmado";"{""id_desafio"":2}";"2019-10-11 17:21:32";"Indu4"
"63";"click_entrar";"{""id_desafio"":4}";"2019-10-11 17:21:49";"indu5"
"64";"click_iniciar_desafio";"{""id_desafio"":4}";"2019-10-11 17:21:50";"indu11"
"65";"click_iniciar_desafio_confirmado";"{""id_desafio"":4}";"2019-10-11 17:21:51";"indu11"
"66";"click_entrar_confirmado";"{""id_desafio"":4}";"2019-10-11 17:21:55";"indu5"
"67";"click_enviar_pretest";"{""id_desafio"":4,""dato"":{""id_pretest"":2,""respuesta"":""2"",""tipo"":""checkbox""}}";"2019-10-11 17:22:09";"indu3"
"68";"click_enviar_pretest";"{""id_desafio"":4,""dato"":{""id_pretest"":2,""respuesta"":""profundidad\nMetros\nnombre\n"",""tipo"":""text""}}";"2019-10-11 17:22:09";"indu3"
"69";"click_enviar_pretest";"{""id_desafio"":4,""dato"":{""id_pretest"":1,""respuesta"":""2"",""tipo"":""checkbox""}}";"2019-10-11 17:22:09";"indu3"
"70";"click_enviar_pretest_cancelado";;"2019-10-11 17:22:10";"indu3"
"71";"click_enviar_pretest";"{""id_desafio"":4,""dato"":{""id_pretest"":1,""respuesta"":""1"",""tipo"":""checkbox""}}";"2019-10-11 17:22:55";"indu11"
"72";"click_enviar_pretest_cancelado";;"2019-10-11 17:22:58";"indu11"
"73";"click_iniciar_desafio";"{""id_desafio"":4}";"2019-10-11 17:23:09";"indu5"
"74";"click_iniciar_desafio_confirmado";"{""id_desafio"":4}";"2019-10-11 17:23:11";"indu5"
"75";"click_enviar_pretest";"{""id_desafio"":4,""dato"":{""id_pretest"":2,""respuesta"":""2"",""tipo"":""checkbox""}}";"2019-10-11 17:23:22";"Indu7"
"76";"click_enviar_pretest";"{""id_desafio"":4,""dato"":{""id_pretest"":1,""respuesta"":""2"",""tipo"":""checkbox""}}";"2019-10-11 17:23:22";"Indu7"
"77";"click_enviar_pretest";"{""id_desafio"":4,""dato"":{""id_pretest"":2,""respuesta"":""fosa\nde\nlas\nmarianas"",""tipo"":""text""}}";"2019-10-11 17:23:22";"Indu7"
"78";"click_enviar_pretest_confirmado";;"2019-10-11 17:23:23";"Indu7"
"79";"pagination";"{""id_desafio"":4,""data"":{""pagina"":1}}";"2019-10-11 17:23:23";"Indu7"
"80";"paso_tour";"{""id_desafio"":4,""data"":{""seccion"":""titulo_desafio""}}";"2019-10-11 17:23:23";"Indu7"
"81";"click_enviar_pretest";"{""id_desafio"":4,""dato"":{""id_pretest"":2,""respuesta"":""2"",""tipo"":""checkbox""}}";"2019-10-11 17:23:25";"Indu14"
"82";"click_enviar_pretest";"{""id_desafio"":4,""dato"":{""id_pretest"":1,""respuesta"":""2"",""tipo"":""checkbox""}}";"2019-10-11 17:23:25";"Indu14"
"83";"click_enviar_pretest";"{""id_desafio"":4,""dato"":{""id_pretest"":2,""respuesta"":""fosa\nde \nlas\nmarianas"",""tipo"":""text""}}";"2019-10-11 17:23:25";"Indu14"
"84";"click_enviar_pretest_confirmado";;"2019-10-11 17:23:28";"Indu14"
"85";"pagination";"{""id_desafio"":4,""data"":{""pagina"":1}}";"2019-10-11 17:23:28";"Indu14"
"86";"paso_tour";"{""id_desafio"":4,""data"":{""seccion"":""titulo_desafio""}}";"2019-10-11 17:23:28";"Indu14"
"87";"paso_tour";"{""id_desafio"":4,""data"":{""seccion"":""detalle_desafio_""}}";"2019-10-11 17:23:28";"Indu7"
"88";"paso_tour";"{""id_desafio"":4,""data"":{""seccion"":""veces_recomendado""}}";"2019-10-11 17:23:31";"Indu7"
"89";"paso_tour";"{""id_desafio"":4,""data"":{""seccion"":""detalle_recurso""}}";"2019-10-11 17:23:32";"Indu7"
"90";"paso_tour";"{""id_desafio"":4,""data"":{""seccion"":""recurso_acciones""}}";"2019-10-11 17:23:34";"Indu7"
"91";"cerrar_tour";"{""id_desafio"":4}";"2019-10-11 17:23:38";"Indu7"
"92";"click_ver_ocultar_desafio";"{""id_desafio"":4,""data"":""ver_desafio""}";"2019-10-11 17:23:39";"Indu13"
"93";"paso_tour";"{""id_desafio"":4,""data"":{""seccion"":""detalle_desafio_""}}";"2019-10-11 17:23:39";"Indu14"
"94";"paso_tour";"{""id_desafio"":4,""data"":{""seccion"":""veces_recomendado""}}";"2019-10-11 17:23:42";"Indu14"
"95";"paso_tour";"{""id_desafio"":4,""data"":{""seccion"":""detalle_recurso""}}";"2019-10-11 17:23:47";"Indu14"
"96";"paso_tour";"{""id_desafio"":4,""data"":{""seccion"":""recurso_acciones""}}";"2019-10-11 17:23:50";"Indu14"
"97";"cerrar_tour";"{""id_desafio"":4}";"2019-10-11 17:23:55";"Indu14"
"98";"click_enviar_pretest";"{""id_desafio"":4,""dato"":{""id_pretest"":1,""respuesta"":""1"",""tipo"":""checkbox""}}";"2019-10-11 17:24:21";"indu11"
"99";"click_enviar_pretest";"{""id_desafio"":4,""dato"":{""id_pretest"":1,""respuesta"":""1"",""tipo"":""checkbox""}}";"2019-10-11 17:24:21";"indu11"
"100";"click_enviar_pretest";"{""id_desafio"":4,""dato"":{""id_pretest"":2,""respuesta"":""\n-"",""tipo"":""text""}}";"2019-10-11 17:24:21";"indu11"
"101";"click_enviar_pretest_confirmado";;"2019-10-11 17:24:22";"indu11"
"102";"pagination";"{""id_desafio"":4,""data"":{""pagina"":1}}";"2019-10-11 17:24:22";"indu11"
"103";"paso_tour";"{""id_desafio"":4,""data"":{""seccion"":""titulo_desafio""}}";"2019-10-11 17:24:22";"indu11"
"104";"click_enviar_pretest";"{""id_desafio"":4,""dato"":{""id_pretest"":1,""respuesta"":""2"",""tipo"":""checkbox""}}";"2019-10-11 17:24:24";"indu3"
"105";"click_enviar_pretest";"{""id_desafio"":4,""dato"":{""id_pretest"":2,""respuesta"":""2"",""tipo"":""checkbox""}}";"2019-10-11 17:24:24";"indu3"
"106";"click_enviar_pretest";"{""id_desafio"":4,""dato"":{""id_pretest"":2,""respuesta"":""profundidad\nMetros\nnombre\n"",""tipo"":""text""}}";"2019-10-11 17:24:24";"indu3"
"107";"click_enviar_pretest_confirmado";;"2019-10-11 17:24:25";"indu3"
"108";"pagination";"{""id_desafio"":4,""data"":{""pagina"":1}}";"2019-10-11 17:24:25";"indu3"
"109";"paso_tour";"{""id_desafio"":4,""data"":{""seccion"":""titulo_desafio""}}";"2019-10-11 17:24:25";"indu3"
"110";"login";;"2019-10-11 17:24:25";"indu10"
"111";"click_recomendar";"{""id_desafio"":4,""data"":{""texto"":""recomendado"",""id_SERP"":200}}";"2019-10-11 17:24:28";"Indu7"
"112";"pagination";"{""id_desafio"":4,""data"":{""pagina"":1}}";"2019-10-11 17:24:31";"Indu13"
"113";"paso_tour";"{""id_desafio"":4,""data"":{""seccion"":""detalle_desafio_""}}";"2019-10-11 17:24:31";"indu11"
"114";"click_recomendar";"{""id_desafio"":4,""data"":{""texto"":""recomendado"",""id_SERP"":197}}";"2019-10-11 17:24:32";"Indu14"
"115";"paso_tour";"{""id_desafio"":4,""data"":{""seccion"":""veces_recomendado""}}";"2019-10-11 17:24:33";"indu11"
"116";"paso_tour";"{""id_desafio"":4,""data"":{""seccion"":""detalle_recurso""}}";"2019-10-11 17:24:37";"indu11"
"117";"click_ver_ocultar_desafio";"{""id_desafio"":4,""data"":""esconder_desafio""}";"2019-10-11 17:24:39";"Indu13"
"118";"click_ver_ocultar_desafio";"{""id_desafio"":4,""data"":""ver_desafio""}";"2019-10-11 17:24:39";"Indu13"
"119";"click_guardar";"{""id_desafio"":4,""data"":{""texto"":""guardado"",""id_SERP"":199}}";"2019-10-11 17:24:39";"Indu7"
"120";"click_SERP_ver";"{""id_desafio"":4,""data"":{""url"":""https://josmanuelfidalgo.blogspot.com/2011/08/el-abismo-challenger-en-la-fosa-de-las.html"",""id_SERP"":197}}";"2019-10-11 17:24:41";"Indu14"
"121";"paso_tour";"{""id_desafio"":4,""data"":{""seccion"":""recurso_acciones""}}";"2019-10-11 17:24:41";"indu11"
"122";"click_SERP_ver";"{""id_desafio"":4,""data"":{""url"":""https://www.euston96.com/fosa-de-las-marianas/"",""id_SERP"":200}}";"2019-10-11 17:24:43";"Indu13"
"123";"click_SERP_ver";"{""id_desafio"":4,""data"":{""url"":""https://www.bbc.com/mundo/noticias/2011/12/111207_ciencia_oceano_profundidad"",""id_SERP"":198}}";"2019-10-11 17:24:44";"Indu7"
"124";"click_enviar_pretest";"{""id_desafio"":4,""dato"":{""id_pretest"":2,""respuesta"":""2"",""tipo"":""checkbox""}}";"2019-10-11 17:24:46";"Indu12"
"125";"click_enviar_pretest";"{""id_desafio"":4,""dato"":{""id_pretest"":1,""respuesta"":""2"",""tipo"":""checkbox""}}";"2019-10-11 17:24:46";"Indu12"
"126";"cerrar_tour";"{""id_desafio"":4}";"2019-10-11 17:24:46";"indu11"
"127";"click_enviar_pretest_confirmado";;"2019-10-11 17:24:47";"Indu12"
"128";"pagination";"{""id_desafio"":4,""data"":{""pagina"":1}}";"2019-10-11 17:24:47";"Indu12"
"129";"paso_tour";"{""id_desafio"":4,""data"":{""seccion"":""titulo_desafio""}}";"2019-10-11 17:24:47";"Indu12"
"130";"click_recomendar";"{""id_desafio"":4,""data"":{""texto"":""recomendado"",""id_SERP"":198}}";"2019-10-11 17:24:59";"Indu7"
"131";"paso_tour";"{""id_desafio"":4,""data"":{""seccion"":""detalle_desafio_""}}";"2019-10-11 17:25:00";"Indu12"
"132";"click_recomendar";"{""id_desafio"":4,""data"":{""texto"":""recomendado"",""id_SERP"":197}}";"2019-10-11 17:25:00";"Indu7"
"133";"paso_tour";"{""id_desafio"":4,""data"":{""seccion"":""veces_recomendado""}}";"2019-10-11 17:25:01";"Indu12"
"134";"paso_tour";"{""id_desafio"":4,""data"":{""seccion"":""detalle_recurso""}}";"2019-10-11 17:25:04";"Indu12"
"135";"click_recomendar";"{""id_desafio"":4,""data"":{""texto"":""recomendado"",""id_SERP"":196}}";"2019-10-11 17:25:06";"Indu7"
"136";"paso_tour";"{""id_desafio"":4,""data"":{""seccion"":""recurso_acciones""}}";"2019-10-11 17:25:07";"Indu12"
"137";"click_guardar";"{""id_desafio"":4,""data"":{""texto"":""guardado"",""id_SERP"":195}}";"2019-10-11 17:25:09";"Indu7"
"138";"click_recomendar";"{""id_desafio"":4,""data"":{""texto"":""recomendado"",""id_SERP"":194}}";"2019-10-11 17:25:10";"Indu7"
"139";"cerrar_tour";"{""id_desafio"":4}";"2019-10-11 17:25:11";"Indu12"
"140";"click_recomendar";"{""id_desafio"":4,""data"":{""texto"":""recomendado"",""id_SERP"":193}}";"2019-10-11 17:25:11";"Indu7"
"141";"click_recomendar";"{""id_desafio"":4,""data"":{""texto"":""recomendado"",""id_SERP"":192}}";"2019-10-11 17:25:12";"Indu7"
"142";"click_recomendar";"{""id_desafio"":4,""data"":{""texto"":""recomendado"",""id_SERP"":191}}";"2019-10-11 17:25:13";"Indu7"
"143";"click_guardar";"{""id_desafio"":4,""data"":{""texto"":""guardado"",""id_SERP"":198}}";"2019-10-11 17:25:16";"Indu12"
"144";"click_pagina";"{""id_desafio"":4,""data"":{""pagina"":2}}";"2019-10-11 17:25:16";"Indu7"
"145";"click_recomendar";"{""id_desafio"":4,""data"":{""texto"":""recomendado"",""id_SERP"":198}}";"2019-10-11 17:25:18";"Indu12"
"146";"click_recomendar";"{""id_desafio"":4,""data"":{""texto"":""recomendado"",""id_SERP"":197}}";"2019-10-11 17:25:20";"Indu12"
"147";"click_guardar";"{""id_desafio"":4,""data"":{""texto"":""guardado"",""id_SERP"":197}}";"2019-10-11 17:25:21";"Indu12"
"148";"click_SERP_ver";"{""id_desafio"":4,""data"":{""url"":""https://josmanuelfidalgo.blogspot.com/2011/08/el-abismo-challenger-en-la-fosa-de-las.html"",""id_SERP"":197}}";"2019-10-11 17:25:23";"Indu12"
"149";"click_entrar";"{""id_desafio"":1}";"2019-10-11 17:25:23";"usuario1"
"150";"click_entrar_confirmado";"{""id_desafio"":1}";"2019-10-11 17:25:24";"usuario1"
"151";"click_pagina";"{""id_desafio"":4,""data"":{""pagina"":3}}";"2019-10-11 17:25:25";"Indu7"
"152";"cerrar_pagina";"53ba68ae-";"2019-10-11 17:25:26";"Indu12"
"153";"click_pagina";"{""id_desafio"":4,""data"":{""pagina"":4}}";"2019-10-11 17:25:26";"Indu7"
"154";"click_pagina";"{""id_desafio"":4,""data"":{""pagina"":5}}";"2019-10-11 17:25:27";"Indu7"
"155";"click_iniciar_desafio";"{""id_desafio"":1}";"2019-10-11 17:25:27";"usuario1"
"156";"click_iniciar_desafio_confirmado";"{""id_desafio"":1}";"2019-10-11 17:25:28";"usuario1"
"157";"click_ver_ocultar_desafio";"{""id_desafio"":4,""data"":""ver_desafio""}";"2019-10-11 17:25:28";"indu11"
"158";"login";;"2019-10-11 17:25:29";"indu8"
"159";"click_finalizar_desafio";"{""id_desafio"":4}";"2019-10-11 17:25:29";"Indu7"
"160";"click_recomendar";"{""id_desafio"":4,""data"":{""texto"":""recomendado"",""id_SERP"":199}}";"2019-10-11 17:25:31";"Indu12"
"161";"click_enviar_pretest";"{""id_desafio"":1,""dato"":{""id_pretest"":1,""respuesta"":""3"",""tipo"":""checkbox""}}";"2019-10-11 17:25:35";"usuario1"
"162";"click_enviar_pretest";"{""id_desafio"":1,""dato"":{""id_pretest"":2,""respuesta"":""-"",""tipo"":""text""}}";"2019-10-11 17:25:35";"usuario1"
"163";"click_finalizar_desafio_confirmado";"{""id_desafio"":4}";"2019-10-11 17:25:35";"Indu7"
"164";"click_enviar_pretest_confirmado";;"2019-10-11 17:25:35";"usuario1"
"165";"click_SERP_ver";"{""id_desafio"":4,""data"":{""url"":""https://www.euston96.com/fosa-de-las-marianas/"",""id_SERP"":200}}";"2019-10-11 17:25:35";"indu11"
"166";"pagination";"{""id_desafio"":1,""data"":{""pagina"":1}}";"2019-10-11 17:25:35";"usuario1"
"167";"paso_tour";"{""id_desafio"":1,""data"":{""seccion"":""titulo_desafio""}}";"2019-10-11 17:25:36";"usuario1"
"168";"click_entrar";"{""id_desafio"":1}";"2019-10-11 17:25:36";"indu10"
"169";"click_recomendar";"{""id_desafio"":4,""data"":{""texto"":""recomendado"",""id_SERP"":200}}";"2019-10-11 17:25:38";"Indu12"
"170";"click_recomendar";"{""id_desafio"":4,""data"":{""texto"":""recomendado"",""id_SERP"":196}}";"2019-10-11 17:25:41";"Indu12"
"171";"click_recomendar";"{""id_desafio"":4,""data"":{""texto"":""recomendado"",""id_SERP"":195}}";"2019-10-11 17:25:42";"Indu12"
"172";"click_recomendar";"{""id_desafio"":4,""data"":{""texto"":""recomendado"",""id_SERP"":193}}";"2019-10-11 17:25:45";"Indu12"
"173";"click_ver_ocultar_desafio";"{""id_desafio"":4,""data"":""esconder_desafio""}";"2019-10-11 17:25:46";"Indu13"
"174";"paso_tour";"{""id_desafio"":1,""data"":{""seccion"":""detalle_desafio_""}}";"2019-10-11 17:25:46";"usuario1"
"175";"click_entrar_confirmado";"{""id_desafio"":1}";"2019-10-11 17:25:46";"indu10"
"176";"paso_tour";"{""id_desafio"":4,""data"":{""seccion"":""detalle_desafio_""}}";"2019-10-11 17:25:47";"indu3"
"177";"click_ver_ocultar_desafio";"{""id_desafio"":4,""data"":""ver_desafio""}";"2019-10-11 17:25:47";"Indu13"
"178";"click_iniciar_desafio";"{""id_desafio"":1}";"2019-10-11 17:25:49";"indu10"
"179";"click_iniciar_desafio_confirmado";"{""id_desafio"":1}";"2019-10-11 17:25:51";"indu10"
"180";"click_enviar_posttest";"{""id_desafio"":4,""dato"":{""id_pretest"":3,""respuesta"":""3"",""tipo"":""checkbox""}}";"2019-10-11 17:25:52";"Indu7"
"181";"click_enviar_posttest";"{""id_desafio"":4,""dato"":{""id_pretest"":4,""respuesta"":""fosa\nde\nlas\nmarianas"",""tipo"":""text""}}";"2019-10-11 17:25:52";"Indu7"
"182";"click_enviar_posttest_confirmado";;"2019-10-11 17:25:53";"Indu7"
"183";"paso_tour";"{""id_desafio"":4,""data"":{""seccion"":""veces_recomendado""}}";"2019-10-11 17:25:53";"indu3"
"184";"click_entrar";"{""id_desafio"":1}";"2019-10-11 17:25:56";"indu8"
"185";"paso_tour";"{""id_desafio"":1,""data"":{""seccion"":""veces_recomendado""}}";"2019-10-11 17:25:58";"usuario1"
"186";"click_entrar_cancelado";"{""id_desafio"":1}";"2019-10-11 17:25:59";"indu8"
"187";"click_recomendar";"{""id_desafio"":4,""data"":{""texto"":""recomendado"",""id_SERP"":191}}";"2019-10-11 17:25:59";"Indu12"
"188";"paso_tour";"{""id_desafio"":4,""data"":{""seccion"":""detalle_recurso""}}";"2019-10-11 17:26:00";"indu3"
"189";"click_SERP_ver";"{""id_desafio"":4,""data"":{""url"":""https://es.wikipedia.org/wiki/Abismo_de_Challenger"",""id_SERP"":191}}";"2019-10-11 17:26:00";"Indu12"
"190";"paso_tour";"{""id_desafio"":1,""data"":{""seccion"":""detalle_recurso""}}";"2019-10-11 17:26:06";"usuario1"
"191";"click_SERP_ver";"{""id_desafio"":4,""data"":{""url"":""https://www.youtube.com/watch?v=cEiXGJcGlB8"",""id_SERP"":193}}";"2019-10-11 17:26:06";"Indu12"
"192";"paso_tour";"{""id_desafio"":4,""data"":{""seccion"":""recurso_acciones""}}";"2019-10-11 17:26:08";"indu3"
"193";"paso_tour";"{""id_desafio"":1,""data"":{""seccion"":""recurso_acciones""}}";"2019-10-11 17:26:14";"usuario1"
"194";"cerrar_tour";"{""id_desafio"":4}";"2019-10-11 17:26:15";"indu3"
"195";"click_guardar";"{""id_desafio"":4,""data"":{""texto"":""guardado"",""id_SERP"":191}}";"2019-10-11 17:26:18";"Indu14"
"196";"pagination";"{""id_desafio"":4,""data"":{""pagina"":1}}";"2019-10-11 17:26:20";"indu3"
"197";"click_guardar";"{""id_desafio"":4,""data"":{""texto"":""guardado"",""id_SERP"":197}}";"2019-10-11 17:26:20";"Indu14"
"198";"click_guardar";"{""id_desafio"":4,""data"":{""texto"":""guardado"",""id_SERP"":195}}";"2019-10-11 17:26:23";"Indu14"
"199";"click_enviar_pretest";"{""id_desafio"":1,""dato"":{""id_pretest"":2,""respuesta"":""Encuesta\na \npersonas \npara \nsaber\nsi \nposeen \nla \nenfermedad"",""tipo"":""text""}}";"2019-10-11 17:26:26";"indu6"
"200";"click_enviar_pretest";"{""id_desafio"":1,""dato"":{""id_pretest"":1,""respuesta"":""3"",""tipo"":""checkbox""}}";"2019-10-11 17:26:26";"indu6"
"201";"login";;"2019-10-11 17:26:27";"Indu1"
"202";"pagination";"{""id_desafio"":1,""data"":{""pagina"":1}}";"2019-10-11 17:26:28";"indu6"
"203";"click_enviar_pretest_confirmado";;"2019-10-11 17:26:28";"indu6"
"204";"paso_tour";"{""id_desafio"":1,""data"":{""seccion"":""titulo_desafio""}}";"2019-10-11 17:26:28";"indu6"
"205";"click_guardar";"{""id_desafio"":4,""data"":{""texto"":""guardado"",""id_SERP"":200}}";"2019-10-11 17:26:37";"Indu13"
"206";"paso_tour";"{""id_desafio"":1,""data"":{""seccion"":""detalle_desafio_""}}";"2019-10-11 17:26:40";"indu6"
"207";"click_pagina";"{""id_desafio"":4,""data"":{""pagina"":2}}";"2019-10-11 17:26:43";"Indu14"
"208";"pagination";"{""id_desafio"":4,""data"":{""pagina"":1}}";"2019-10-11 17:26:43";"Indu13"
"209";"click_entrar";"{""id_desafio"":1}";"2019-10-11 17:26:43";"Indu1"
"210";"paso_tour";"{""id_desafio"":1,""data"":{""seccion"":""veces_recomendado""}}";"2019-10-11 17:26:44";"indu6"
"211";"click_pagina";"{""id_desafio"":4,""data"":{""pagina"":3}}";"2019-10-11 17:26:44";"Indu14"
"212";"click_pagina";"{""id_desafio"":4,""data"":{""pagina"":4}}";"2019-10-11 17:26:44";"Indu14"
"213";"click_pagina";"{""id_desafio"":4,""data"":{""pagina"":5}}";"2019-10-11 17:26:44";"Indu14"
"214";"click_finalizar_desafio";"{""id_desafio"":4}";"2019-10-11 17:26:45";"Indu14"
"215";"cerrar_tour";"{""id_desafio"":1}";"2019-10-11 17:26:45";"usuario1"
"216";"click_entrar_confirmado";"{""id_desafio"":1}";"2019-10-11 17:26:46";"Indu1"
"217";"click_finalizar_desafio_confirmado";"{""id_desafio"":4}";"2019-10-11 17:26:46";"Indu14"
"218";"paso_tour";"{""id_desafio"":1,""data"":{""seccion"":""detalle_recurso""}}";"2019-10-11 17:26:48";"indu6"
"219";"click_SERP_titulo";"{""id_desafio"":4,""data"":{""url"":""https://www.bbc.com/mundo/noticias/2011/12/111207_ciencia_oceano_profundidad"",""id_SERP"":198}}";"2019-10-11 17:26:49";"Indu13"
"220";"paso_tour";"{""id_desafio"":1,""data"":{""seccion"":""recurso_acciones""}}";"2019-10-11 17:26:52";"indu6"
"221";"click_iniciar_desafio";"{""id_desafio"":1}";"2019-10-11 17:26:53";"Indu1"
"222";"click_iniciar_desafio_confirmado";"{""id_desafio"":1}";"2019-10-11 17:26:55";"Indu1"
"223";"cerrar_tour";"{""id_desafio"":1}";"2019-10-11 17:26:57";"indu6"
"224";"click_SERP_titulo";"{""id_desafio"":1,""data"":{""url"":""http://www.uchile.cl/noticias/124942/la-infeccion-por-vih-en-chile-es-una-epidemia-que-no-esta-controlada"",""id_SERP"":5}}";"2019-10-11 17:27:10";"usuario1"
"225";"click_entrar";"{""id_desafio"":1}";"2019-10-11 17:27:17";"indu8"
"226";"click_SERP_ver";"{""id_desafio"":1,""data"":{""url"":""https://web.archive.org/web/20190126003934/http://www.sidachile.cl/contenido/index.php"",""id_SERP"":1}}";"2019-10-11 17:27:18";"indu6"
"227";"cerrar_pagina";"53b79df1-";"2019-10-11 17:27:18";"usuario1"
"228";"click_entrar_confirmado";"{""id_desafio"":1}";"2019-10-11 17:27:18";"indu8"
"229";"click_SERP_ver";"{""id_desafio"":4,""data"":{""url"":""https://www.euston96.com/fosa-de-las-marianas/"",""id_SERP"":200}}";"2019-10-11 17:27:24";"indu3"
"230";"click_iniciar_desafio";"{""id_desafio"":1}";"2019-10-11 17:27:28";"indu8"
"231";"click_enviar_pretest";"{""id_desafio"":2,""dato"":{""id_pretest"":1,""respuesta"":""3"",""tipo"":""checkbox""}}";"2019-10-11 17:27:29";"Indu4"
"232";"click_iniciar_desafio_confirmado";"{""id_desafio"":1}";"2019-10-11 17:27:29";"indu8"
"233";"click_enviar_pretest_confirmado";;"2019-10-11 17:27:31";"Indu4"
"234";"pagination";"{""id_desafio"":2,""data"":{""pagina"":1}}";"2019-10-11 17:27:31";"Indu4"
"235";"paso_tour";"{""id_desafio"":2,""data"":{""seccion"":""titulo_desafio""}}";"2019-10-11 17:27:31";"Indu4"
"236";"click_enviar_posttest";"{""id_desafio"":4,""dato"":{""id_pretest"":3,""respuesta"":""4"",""tipo"":""checkbox""}}";"2019-10-11 17:27:35";"Indu14"
"237";"click_enviar_posttest";"{""id_desafio"":4,""dato"":{""id_pretest"":4,""respuesta"":""fosa\nde \nlas\nmarianas\ntiene\nonce\nkilometros\nde\nprofundidad"",""tipo"":""text""}}";"2019-10-11 17:27:35";"Indu14"
"238";"click_enviar_posttest_confirmado";;"2019-10-11 17:27:37";"Indu14"
"239";"click_entrar";"{""id_desafio"":3}";"2019-10-11 17:27:39";"Indu14"
"240";"click_entrar_cancelado";"{""id_desafio"":3}";"2019-10-11 17:27:43";"Indu14"
"241";"paso_tour";"{""id_desafio"":2,""data"":{""seccion"":""detalle_desafio_""}}";"2019-10-11 17:27:45";"Indu4"
"242";"paso_tour";"{""id_desafio"":2,""data"":{""seccion"":""veces_recomendado""}}";"2019-10-11 17:27:51";"Indu4"
"243";"cerrar_pagina";"53ba609b-";"2019-10-11 17:27:53";"Indu12"
"244";"click_entrar";"{""id_desafio"":3}";"2019-10-11 17:27:53";"Indu7"
"245";"click_entrar_confirmado";"{""id_desafio"":3}";"2019-10-11 17:27:55";"Indu7"
"246";"paso_tour";"{""id_desafio"":2,""data"":{""seccion"":""detalle_recurso""}}";"2019-10-11 17:27:55";"Indu4"
"247";"click_iniciar_desafio";"{""id_desafio"":3}";"2019-10-11 17:27:56";"Indu7"
"248";"click_ver_ocultar_desafio";"{""id_desafio"":4,""data"":""ver_desafio""}";"2019-10-11 17:27:57";"indu3"
"249";"click_iniciar_desafio_confirmado";"{""id_desafio"":3}";"2019-10-11 17:27:57";"Indu7"
"250";"click_ver_ocultar_desafio";"{""id_desafio"":1,""data"":""ver_desafio""}";"2019-10-11 17:27:57";"indu6"
"251";"cerrar_pagina";"53ba609b-";"2019-10-11 17:27:58";"Indu12"
"252";"paso_tour";"{""id_desafio"":2,""data"":{""seccion"":""recurso_acciones""}}";"2019-10-11 17:28:00";"Indu4"
"253";"click_entrar";"{""id_desafio"":3}";"2019-10-11 17:28:04";"Indu14"
"254";"click_entrar_confirmado";"{""id_desafio"":3}";"2019-10-11 17:28:05";"Indu14"
"255";"cerrar_tour";"{""id_desafio"":2}";"2019-10-11 17:28:07";"Indu4"
"256";"click_recomendar";"{""id_desafio"":4,""data"":{""texto"":""recomendado"",""id_SERP"":200}}";"2019-10-11 17:28:07";"indu3"
"257";"pagination";"{""id_desafio"":4,""data"":{""pagina"":1}}";"2019-10-11 17:28:13";"indu3"
"258";"click_SERP_ver";"{""id_desafio"":4,""data"":{""url"":""https://wipeoutsurfmag.com/challenger-deep-profundidad-oceano/"",""id_SERP"":199}}";"2019-10-11 17:28:19";"indu3"
"259";"click_enviar_pretest";"{""id_desafio"":1,""dato"":{""id_pretest"":1,""respuesta"":""3"",""tipo"":""checkbox""}}";"2019-10-11 17:28:19";"Indu1"
"260";"click_enviar_pretest";"{""id_desafio"":1,""dato"":{""id_pretest"":2,""respuesta"":""Alta\ntasa"",""tipo"":""text""}}";"2019-10-11 17:28:19";"Indu1"
"261";"click_enviar_pretest_confirmado";;"2019-10-11 17:28:21";"Indu1"
"262";"pagination";"{""id_desafio"":1,""data"":{""pagina"":1}}";"2019-10-11 17:28:21";"Indu1"
"263";"paso_tour";"{""id_desafio"":1,""data"":{""seccion"":""titulo_desafio""}}";"2019-10-11 17:28:21";"Indu1"
"264";"click_SERP_ver";"{""id_desafio"":2,""data"":{""url"":""https://actualidad.rt.com/actualidad/307104-delitos-crimen-transnacional-america-latina"",""id_SERP"":100}}";"2019-10-11 17:28:25";"Indu4"
"265";"click_iniciar_desafio";"{""id_desafio"":3}";"2019-10-11 17:28:26";"Indu14"
"266";"click_iniciar_desafio_confirmado";"{""id_desafio"":3}";"2019-10-11 17:28:27";"Indu14"
"267";"cerrar_pagina";"53ba6e5d-";"2019-10-11 17:28:28";"Indu13"
"268";"paso_tour";"{""id_desafio"":1,""data"":{""seccion"":""detalle_desafio_""}}";"2019-10-11 17:28:32";"Indu1"
"269";"click_guardar";"{""id_desafio"":4,""data"":{""texto"":""guardado"",""id_SERP"":198}}";"2019-10-11 17:28:34";"Indu13"
"270";"paso_tour";"{""id_desafio"":1,""data"":{""seccion"":""veces_recomendado""}}";"2019-10-11 17:28:35";"Indu1"
"271";"click_SERP_titulo";"{""id_desafio"":1,""data"":{""url"":""https://web.archive.org/web/20190126003934/http://www.sidachile.cl/contenido/index.php"",""id_SERP"":1}}";"2019-10-11 17:28:39";"indu6"
"272";"click_SERP_ver";"{""id_desafio"":2,""data"":{""url"":""https://www.elpopular.pe/actualidad-y-policiales/crimen"",""id_SERP"":95}}";"2019-10-11 17:28:40";"Indu4"
"273";"cerrar_pagina";"53b78a65-";"2019-10-11 17:28:42";"indu6"
"274";"paso_tour";"{""id_desafio"":1,""data"":{""seccion"":""detalle_recurso""}}";"2019-10-11 17:28:55";"Indu1"
"275";"click_ver_ocultar_desafio";"{""id_desafio"":2,""data"":""ver_desafio""}";"2019-10-11 17:29:05";"Indu4"
"276";"paso_tour";"{""id_desafio"":1,""data"":{""seccion"":""recurso_acciones""}}";"2019-10-11 17:29:08";"Indu1"
"277";"click_SERP_ver";"{""id_desafio"":4,""data"":{""url"":""https://www.bbc.com/mundo/noticias/2011/12/111207_ciencia_oceano_profundidad"",""id_SERP"":198}}";"2019-10-11 17:29:13";"indu3"
"278";"click_enviar_pretest";"{""id_desafio"":1,""dato"":{""id_pretest"":1,""respuesta"":""1"",""tipo"":""checkbox""}}";"2019-10-11 17:29:14";"indu8"
"279";"click_enviar_pretest";"{""id_desafio"":1,""dato"":{""id_pretest"":1,""respuesta"":""1"",""tipo"":""checkbox""}}";"2019-10-11 17:29:14";"indu8"
"280";"click_enviar_pretest";"{""id_desafio"":1,""dato"":{""id_pretest"":2,""respuesta"":""-VIH"",""tipo"":""text""}}";"2019-10-11 17:29:14";"indu8"
"281";"click_SERP_ver";"{""id_desafio"":4,""data"":{""url"":""https://josmanuelfidalgo.blogspot.com/2011/08/el-abismo-challenger-en-la-fosa-de-las.html"",""id_SERP"":197}}";"2019-10-11 17:29:16";"indu3"
"282";"click_enviar_pretest_confirmado";;"2019-10-11 17:29:18";"indu8"
"283";"pagination";"{""id_desafio"":1,""data"":{""pagina"":1}}";"2019-10-11 17:29:18";"indu8"
"284";"paso_tour";"{""id_desafio"":1,""data"":{""seccion"":""titulo_desafio""}}";"2019-10-11 17:29:18";"indu8"
"285";"click_SERP_ver";"{""id_desafio"":4,""data"":{""url"":""https://quecuriosidades.com/mayor-profundidad-oceanos/"",""id_SERP"":196}}";"2019-10-11 17:29:19";"indu3"
"286";"click_SERP_ver";"{""id_desafio"":4,""data"":{""url"":""https://wipeoutsurfmag.com/challenger-deep-profundidad-oceano/"",""id_SERP"":199}}";"2019-10-11 17:29:24";"Indu13"
"287";"paso_tour";"{""id_desafio"":1,""data"":{""seccion"":""detalle_desafio_""}}";"2019-10-11 17:29:24";"indu8"
"288";"paso_tour";"{""id_desafio"":1,""data"":{""seccion"":""veces_recomendado""}}";"2019-10-11 17:29:28";"indu8"
"289";"paso_tour";"{""id_desafio"":1,""data"":{""seccion"":""detalle_recurso""}}";"2019-10-11 17:29:32";"indu8"
"290";"click_guardar";"{""id_desafio"":4,""data"":{""texto"":""NO_guardado"",""id_SERP"":200}}";"2019-10-11 17:29:35";"Indu13"
"291";"click_guardar";"{""id_desafio"":4,""data"":{""texto"":""NO_guardado"",""id_SERP"":198}}";"2019-10-11 17:29:36";"Indu13"
"292";"click_enviar_pretest";"{""id_desafio"":3,""dato"":{""id_pretest"":1,""respuesta"":""1"",""tipo"":""checkbox""}}";"2019-10-11 17:29:44";"Indu7"
"293";"click_enviar_pretest";"{""id_desafio"":3,""dato"":{""id_pretest"":1,""respuesta"":""1"",""tipo"":""checkbox""}}";"2019-10-11 17:29:44";"Indu7"
"294";"paso_tour";"{""id_desafio"":1,""data"":{""seccion"":""recurso_acciones""}}";"2019-10-11 17:29:44";"indu8"
"295";"click_enviar_pretest";"{""id_desafio"":3,""dato"":{""id_pretest"":1,""respuesta"":""1"",""tipo"":""checkbox""}}";"2019-10-11 17:29:44";"Indu14"
"296";"click_enviar_pretest";"{""id_desafio"":3,""dato"":{""id_pretest"":1,""respuesta"":""1"",""tipo"":""checkbox""}}";"2019-10-11 17:29:44";"Indu14"
"297";"click_enviar_pretest";"{""id_desafio"":3,""dato"":{""id_pretest"":2,""respuesta"":""seguridad\ndel\nauto\nde \ncarreras\ny \nvelocidad"",""tipo"":""text""}}";"2019-10-11 17:29:44";"Indu14"
"298";"click_enviar_pretest_confirmado";;"2019-10-11 17:29:45";"Indu7"
"299";"pagination";"{""id_desafio"":3,""data"":{""pagina"":1}}";"2019-10-11 17:29:45";"Indu7"
"300";"cerrar_tour";"{""id_desafio"":1}";"2019-10-11 17:29:45";"Indu1"
"301";"click_enviar_pretest_confirmado";;"2019-10-11 17:29:45";"Indu14"
"302";"pagination";"{""id_desafio"":3,""data"":{""pagina"":1}}";"2019-10-11 17:29:45";"Indu14"
"303";"cerrar_tour";"{""id_desafio"":1}";"2019-10-11 17:29:55";"indu8"
"304";"click_ver_ocultar_desafio";"{""id_desafio"":1,""data"":""ver_desafio""}";"2019-10-11 17:29:58";"Indu1"
"305";"click_SERP_titulo";"{""id_desafio"":1,""data"":{""url"":""https://www.minsal.cl/vih_sida/"",""id_SERP"":2}}";"2019-10-11 17:30:01";"indu6"
"306";"click_SERP_ver";"{""id_desafio"":3,""data"":{""url"":""https://www.soap.cl/"",""id_SERP"":145}}";"2019-10-11 17:30:15";"Indu14"
"307";"click_enviar_pretest";"{""id_desafio"":1,""dato"":{""id_pretest"":1,""respuesta"":""1"",""tipo"":""checkbox""}}";"2019-10-11 17:30:15";"indu10"
"308";"click_enviar_pretest";"{""id_desafio"":1,""dato"":{""id_pretest"":2,""respuesta"":""sida\nPROTECCION\nENFERMEDAD\nSEXO\nSANGRE\nTRANSMICION\nPRECAUCION \nTRATAMIENTO"",""tipo"":""text""}}";"2019-10-11 17:30:15";"indu10"
"309";"click_enviar_pretest";"{""id_desafio"":1,""dato"":{""id_pretest"":1,""respuesta"":""1"",""tipo"":""checkbox""}}";"2019-10-11 17:30:15";"indu10"
"310";"click_enviar_pretest_confirmado";;"2019-10-11 17:30:17";"indu10"
"311";"pagination";"{""id_desafio"":1,""data"":{""pagina"":1}}";"2019-10-11 17:30:17";"indu10"
"312";"cerrar_pagina";"53ba668c-";"2019-10-11 17:30:17";"indu3"
"313";"paso_tour";"{""id_desafio"":1,""data"":{""seccion"":""titulo_desafio""}}";"2019-10-11 17:30:17";"indu10"
"314";"click_SERP_ver";"{""id_desafio"":3,""data"":{""url"":""https://www.bci.cl/corredora-de-seguros/seguro-obligatorio-soap"",""id_SERP"":147}}";"2019-10-11 17:30:18";"Indu7"
"315";"cerrar_pagina";"53ba68ae-";"2019-10-11 17:30:18";"indu3"
"316";"cerrar_pagina";"53ba6e5d-";"2019-10-11 17:30:19";"indu3"
"317";"click_guardar";"{""id_desafio"":4,""data"":{""texto"":""guardado"",""id_SERP"":199}}";"2019-10-11 17:30:23";"Indu13"
"318";"paso_tour";"{""id_desafio"":1,""data"":{""seccion"":""detalle_desafio_""}}";"2019-10-11 17:30:23";"indu10"
"319";"click_recomendar";"{""id_desafio"":4,""data"":{""texto"":""recomendado"",""id_SERP"":199}}";"2019-10-11 17:30:24";"indu3"
"320";"paso_tour";"{""id_desafio"":1,""data"":{""seccion"":""veces_recomendado""}}";"2019-10-11 17:30:24";"indu10"
"321";"click_recomendar";"{""id_desafio"":4,""data"":{""texto"":""recomendado"",""id_SERP"":198}}";"2019-10-11 17:30:25";"indu3"
"322";"paso_tour";"{""id_desafio"":1,""data"":{""seccion"":""detalle_recurso""}}";"2019-10-11 17:30:25";"indu10"
"323";"paso_tour";"{""id_desafio"":1,""data"":{""seccion"":""recurso_acciones""}}";"2019-10-11 17:30:26";"indu10"
"324";"cerrar_tour";"{""id_desafio"":1}";"2019-10-11 17:30:28";"indu10"
"325";"click_recomendar";"{""id_desafio"":4,""data"":{""texto"":""recomendado"",""id_SERP"":197}}";"2019-10-11 17:30:29";"indu3"
"326";"cerrar_pagina";"53b93564-";"2019-10-11 17:30:36";"Indu4"
"327";"click_enviar_pretest";"{""id_desafio"":4,""dato"":{""id_pretest"":1,""respuesta"":""1"",""tipo"":""checkbox""}}";"2019-10-11 17:30:42";"indu5"
"328";"click_enviar_pretest";"{""id_desafio"":4,""dato"":{""id_pretest"":1,""respuesta"":""1"",""tipo"":""checkbox""}}";"2019-10-11 17:30:42";"indu5"
"329";"click_enviar_pretest_confirmado";;"2019-10-11 17:30:44";"indu5"
"330";"pagination";"{""id_desafio"":4,""data"":{""pagina"":1}}";"2019-10-11 17:30:44";"indu5"
"331";"paso_tour";"{""id_desafio"":4,""data"":{""seccion"":""titulo_desafio""}}";"2019-10-11 17:30:44";"indu5"
"332";"click_pagina";"{""id_desafio"":4,""data"":{""pagina"":2}}";"2019-10-11 17:30:44";"Indu13"
"333";"click_ver_ocultar_desafio";"{""id_desafio"":1,""data"":""ver_desafio""}";"2019-10-11 17:30:48";"indu8"
"334";"cerrar_pagina";"53b9c827-";"2019-10-11 17:30:48";"Indu14"
"335";"click_ver_ocultar_desafio";"{""id_desafio"":4,""data"":""ver_desafio""}";"2019-10-11 17:30:48";"indu3"
"336";"click_SERP_titulo";"{""id_desafio"":1,""data"":{""url"":""http://www.uchile.cl/noticias/124942/la-infeccion-por-vih-en-chile-es-una-epidemia-que-no-esta-controlada"",""id_SERP"":5}}";"2019-10-11 17:30:55";"indu10"
"337";"paso_tour";"{""id_desafio"":4,""data"":{""seccion"":""detalle_desafio_""}}";"2019-10-11 17:30:56";"indu5"
"338";"paso_tour";"{""id_desafio"":4,""data"":{""seccion"":""veces_recomendado""}}";"2019-10-11 17:31:00";"indu5"
"339";"click_SERP_ver";"{""id_desafio"":4,""data"":{""url"":""https://respuestas.tips/cual-es-el-lugar-mas-profundo-del-oceano/"",""id_SERP"":153}}";"2019-10-11 17:31:01";"Indu13"
"340";"paso_tour";"{""id_desafio"":4,""data"":{""seccion"":""detalle_recurso""}}";"2019-10-11 17:31:03";"indu5"
"341";"click_SERP_ver";"{""id_desafio"":3,""data"":{""url"":""https://www.mapfre.cl/seguros-cl/personas/seguros-de-auto/soap/"",""id_SERP"":143}}";"2019-10-11 17:31:06";"Indu14"
"342";"pagination";"{""id_desafio"":4,""data"":{""pagina"":1}}";"2019-10-11 17:31:07";"Indu12"
"343";"paso_tour";"{""id_desafio"":4,""data"":{""seccion"":""recurso_acciones""}}";"2019-10-11 17:31:08";"indu5"
"344";"cerrar_pagina";"53b9c3d6-";"2019-10-11 17:31:15";"Indu14"
"345";"click_SERP_titulo";"{""id_desafio"":4,""data"":{""url"":""http://www.rtve.es/radio/20180129/abismo-challenger-como-sobrevivir-11000-metros-profundidad/1668083.shtml"",""id_SERP"":195}}";"2019-10-11 17:31:15";"Indu12"
"346";"click_pagina";"{""id_desafio"":2,""data"":{""pagina"":2}}";"2019-10-11 17:31:16";"Indu4"
"347";"click_SERP_titulo";"{""id_desafio"":3,""data"":{""url"":""https://www.mapfre.cl/seguros-cl/personas/seguros-de-auto/soap/"",""id_SERP"":143}}";"2019-10-11 17:31:18";"Indu14"
"348";"cerrar_tour";"{""id_desafio"":4}";"2019-10-11 17:31:18";"indu5"
"349";"click_ver_ocultar_desafio";"{""id_desafio"":4,""data"":""ver_desafio""}";"2019-10-11 17:31:19";"indu5"
"350";"click_SERP_titulo";"{""id_desafio"":2,""data"":{""url"":""https://www.bcn.cl/observatorio/asiapacifico/noticias/japon-bajos-niveles-victimizacion-crimen"",""id_SERP"":90}}";"2019-10-11 17:31:25";"Indu4"
"351";"cerrar_pagina";"53b9c3d6-";"2019-10-11 17:31:34";"Indu14"
"352";"click_SERP_ver";"{""id_desafio"":4,""data"":{""url"":""https://www.bbc.com/mundo/noticias/2011/12/111207_ciencia_oceano_profundidad"",""id_SERP"":198}}";"2019-10-11 17:31:36";"indu5"
"353";"click_recomendar";"{""id_desafio"":3,""data"":{""texto"":""recomendado"",""id_SERP"":143}}";"2019-10-11 17:31:37";"Indu14"
"354";"click_guardar";"{""id_desafio"":3,""data"":{""texto"":""guardado"",""id_SERP"":143}}";"2019-10-11 17:31:38";"Indu14"
"355";"click_SERP_ver";"{""id_desafio"":4,""data"":{""url"":""https://quecuriosidades.com/mayor-profundidad-oceanos/"",""id_SERP"":196}}";"2019-10-11 17:31:39";"indu3"
"356";"click_SERP_ver";"{""id_desafio"":3,""data"":{""url"":""https://www.soap.cl/"",""id_SERP"":145}}";"2019-10-11 17:31:42";"Indu7"
"357";"click_ver_ocultar_desafio";"{""id_desafio"":1,""data"":""ver_desafio""}";"2019-10-11 17:31:43";"indu10"
"358";"click_pagina";"{""id_desafio"":3,""data"":{""pagina"":2}}";"2019-10-11 17:31:44";"Indu14"
"359";"click_guardar";"{""id_desafio"":4,""data"":{""texto"":""guardado"",""id_SERP"":153}}";"2019-10-11 17:31:47";"Indu13"
"360";"click_pagina";"{""id_desafio"":4,""data"":{""pagina"":3}}";"2019-10-11 17:31:50";"Indu13"
"361";"click_pagina";"{""id_desafio"":4,""data"":{""pagina"":4}}";"2019-10-11 17:31:51";"Indu13"
"362";"click_recomendar";"{""id_desafio"":4,""data"":{""texto"":""recomendado"",""id_SERP"":196}}";"2019-10-11 17:31:51";"indu3"
"363";"click_pagina";"{""id_desafio"":4,""data"":{""pagina"":5}}";"2019-10-11 17:31:52";"Indu13"
"364";"click_finalizar_desafio";"{""id_desafio"":4}";"2019-10-11 17:31:53";"Indu13"
"365";"click_SERP_ver";"{""id_desafio"":3,""data"":{""url"":""https://www.taringa.net/+autos_motos/como-construir-un-auto-en-tu-casa_132gh5"",""id_SERP"":137}}";"2019-10-11 17:31:53";"Indu14"
"366";"click_finalizar_desafio_confirmado";"{""id_desafio"":4}";"2019-10-11 17:31:54";"Indu13"
"367";"click_SERP_ver";"{""id_desafio"":4,""data"":{""url"":""http://www.rtve.es/radio/20180129/abismo-challenger-como-sobrevivir-11000-metros-profundidad/1668083.shtml"",""id_SERP"":195}}";"2019-10-11 17:32:04";"indu3"
"368";"click_guardar";"{""id_desafio"":2,""data"":{""texto"":""guardado"",""id_SERP"":90}}";"2019-10-11 17:32:05";"Indu4"
"369";"click_recomendar";"{""id_desafio"":2,""data"":{""texto"":""recomendado"",""id_SERP"":90}}";"2019-10-11 17:32:06";"Indu4"
"370";"click_pagina";"{""id_desafio"":3,""data"":{""pagina"":3}}";"2019-10-11 17:32:07";"Indu14"
"371";"click_enviar_posttest";"{""id_desafio"":4,""dato"":{""id_pretest"":3,""respuesta"":""1"",""tipo"":""checkbox""}}";"2019-10-11 17:32:16";"Indu13"
"372";"click_enviar_posttest";"{""id_desafio"":4,""dato"":{""id_pretest"":4,""respuesta"":""abismo\nde\nchallenger"",""tipo"":""text""}}";"2019-10-11 17:32:16";"Indu13"
"373";"click_enviar_posttest";"{""id_desafio"":4,""dato"":{""id_pretest"":3,""respuesta"":""1"",""tipo"":""checkbox""}}";"2019-10-11 17:32:16";"Indu13"
"374";"click_enviar_posttest_confirmado";;"2019-10-11 17:32:17";"Indu13"
"375";"click_entrar";"{""id_desafio"":1}";"2019-10-11 17:32:20";"Indu13"
"376";"click_guardar";"{""id_desafio"":4,""data"":{""texto"":""guardado"",""id_SERP"":195}}";"2019-10-11 17:32:20";"indu3"
"377";"click_entrar_confirmado";"{""id_desafio"":1}";"2019-10-11 17:32:21";"Indu13"
"378";"click_iniciar_desafio";"{""id_desafio"":1}";"2019-10-11 17:32:23";"Indu13"
"379";"click_SERP_ver";"{""id_desafio"":3,""data"":{""url"":""http://www.pretexsa.com/xVLqWRbM.html"",""id_SERP"":129}}";"2019-10-11 17:32:23";"Indu14"
"380";"click_iniciar_desafio_confirmado";"{""id_desafio"":1}";"2019-10-11 17:32:24";"Indu13"
"381";"click_SERP_titulo";"{""id_desafio"":2,""data"":{""url"":""https://blogs.iadb.org/seguridad-ciudadana/es/datos-para-reducir-crimen-en-ecuador/"",""id_SERP"":89}}";"2019-10-11 17:32:25";"Indu4"
"382";"cerrar_pagina";"53b9e372-";"2019-10-11 17:32:25";"Indu13"
"383";"cerrar_pagina";"53ba704b-";"2019-10-11 17:32:26";"Indu13"
"384";"click_SERP_ver";"{""id_desafio"":4,""data"":{""url"":""https://www.euston96.com/fosa-de-las-marianas/"",""id_SERP"":200}}";"2019-10-11 17:32:27";"indu5"
"385";"click_SERP_ver";"{""id_desafio"":4,""data"":{""url"":""https://www.youtube.com/watch?v=cEiXGJcGlB8"",""id_SERP"":193}}";"2019-10-11 17:32:28";"indu3"
"386";"click_pagina";"{""id_desafio"":3,""data"":{""pagina"":2}}";"2019-10-11 17:32:28";"Indu7"
"387";"click_SERP_ver";"{""id_desafio"":3,""data"":{""url"":""https://www.dogguie.net/como-construir-un-auto-deportivo-con-poco-dinero/"",""id_SERP"":132}}";"2019-10-11 17:32:31";"Indu7"
"388";"cerrar_pagina";"53ba609b-";"2019-10-11 17:32:32";"indu3"
"389";"click_SERP_ver";"{""id_desafio"":4,""data"":{""url"":""https://www.youtube.com/watch?v=cEiXGJcGlB8"",""id_SERP"":193}}";"2019-10-11 17:32:33";"indu3"
"390";"click_SERP_ver";"{""id_desafio"":4,""data"":{""url"":""https://www.elmundo.es/ciencia/2015/01/05/54a98cd722601d473b8b4582.html"",""id_SERP"":194}}";"2019-10-11 17:32:35";"indu3"
"391";"click_pagina";"{""id_desafio"":3,""data"":{""pagina"":4}}";"2019-10-11 17:32:39";"Indu14"
"392";"click_recomendar";"{""id_desafio"":1,""data"":{""texto"":""recomendado"",""id_SERP"":5}}";"2019-10-11 17:32:41";"indu10"
"393";"click_guardar";"{""id_desafio"":3,""data"":{""texto"":""guardado"",""id_SERP"":108}}";"2019-10-11 17:32:45";"Indu14"
"394";"click_pagina";"{""id_desafio"":3,""data"":{""pagina"":5}}";"2019-10-11 17:32:49";"Indu14"
"395";"click_finalizar_desafio";"{""id_desafio"":3}";"2019-10-11 17:32:50";"Indu14"
"396";"click_finalizar_desafio_confirmado";"{""id_desafio"":3}";"2019-10-11 17:32:51";"Indu14"
"397";"click_recomendar";"{""id_desafio"":4,""data"":{""texto"":""recomendado"",""id_SERP"":200}}";"2019-10-11 17:33:00";"indu5"
"398";"click_guardar";"{""id_desafio"":4,""data"":{""texto"":""guardado"",""id_SERP"":200}}";"2019-10-11 17:33:02";"indu5"
"399";"click_enviar_pretest";"{""id_desafio"":1,""dato"":{""id_pretest"":1,""respuesta"":""1"",""tipo"":""checkbox""}}";"2019-10-11 17:33:03";"Indu13"
"400";"click_enviar_pretest";"{""id_desafio"":1,""dato"":{""id_pretest"":1,""respuesta"":""1"",""tipo"":""checkbox""}}";"2019-10-11 17:33:03";"Indu13"
"401";"click_enviar_pretest";"{""id_desafio"":1,""dato"":{""id_pretest"":2,""respuesta"":""vih\nchile\ninmunodeficiencia\nits\ncontagio"",""tipo"":""text""}}";"2019-10-11 17:33:03";"Indu13"
"402";"click_enviar_pretest_confirmado";;"2019-10-11 17:33:04";"Indu13"
"403";"pagination";"{""id_desafio"":1,""data"":{""pagina"":1}}";"2019-10-11 17:33:04";"Indu13"
"404";"click_ver_ocultar_desafio";"{""id_desafio"":1,""data"":""ver_desafio""}";"2019-10-11 17:33:11";"Indu13"
"405";"click_ver_ocultar_desafio";"{""id_desafio"":1,""data"":""esconder_desafio""}";"2019-10-11 17:33:12";"Indu13"
"406";"click_pagina";"{""id_desafio"":1,""data"":{""pagina"":2}}";"2019-10-11 17:33:26";"indu8"
"407";"click_SERP_ver";"{""id_desafio"":1,""data"":{""url"":""http://sidachile.cl/contenido/vih-sida.php"",""id_SERP"":44}}";"2019-10-11 17:33:26";"Indu13"
"408";"click_SERP_ver";"{""id_desafio"":3,""data"":{""url"":""https://es.wikipedia.org/wiki/Fabricaci%C3%B3n_de_autom%C3%B3viles"",""id_SERP"":131}}";"2019-10-11 17:33:27";"Indu7"
"409";"cerrar_pagina";"53b997bc-";"2019-10-11 17:33:30";"Indu7"
"410";"click_pagina";"{""id_desafio"":4,""data"":{""pagina"":2}}";"2019-10-11 17:33:35";"indu5"
"411";"click_guardar";"{""id_desafio"":4,""data"":{""texto"":""guardado"",""id_SERP"":194}}";"2019-10-11 17:33:35";"indu3"
"412";"click_SERP_ver";"{""id_desafio"":4,""data"":{""url"":""https://www.youtube.com/watch?v=cEiXGJcGlB8"",""id_SERP"":193}}";"2019-10-11 17:33:41";"indu3"
"413";"cerrar_pagina";"53ba609b-";"2019-10-11 17:33:42";"indu3"
"414";"click_SERP_ver";"{""id_desafio"":1,""data"":{""url"":""https://www.24horas.cl/nacional/vih-sida-en-chile-cifras-del-minsal-indican-que-casos-crecieron-96-en-siete-anos-2684673"",""id_SERP"":42}}";"2019-10-11 17:33:44";"Indu13"
"415";"click_SERP_ver";"{""id_desafio"":4,""data"":{""url"":""https://supercurioso.com/el-abismo-challenger-el-punto-mas-profundo-del-oceano/"",""id_SERP"":192}}";"2019-10-11 17:33:44";"indu3"
"416";"click_enviar_posttest";"{""id_desafio"":3,""dato"":{""id_pretest"":3,""respuesta"":""3"",""tipo"":""checkbox""}}";"2019-10-11 17:33:45";"Indu14"
"417";"click_enviar_posttest";"{""id_desafio"":3,""dato"":{""id_pretest"":4,""respuesta"":""seguro\nobligatorio\nde \naccidentes \npersonales"",""tipo"":""text""}}";"2019-10-11 17:33:45";"Indu14"
"418";"click_enviar_posttest_confirmado";;"2019-10-11 17:33:46";"Indu14"
"419";"click_SERP_ver";"{""id_desafio"":4,""data"":{""url"":""https://es.wikipedia.org/wiki/Abismo_de_Challenger"",""id_SERP"":191}}";"2019-10-11 17:33:51";"indu3"
"420";"click_SERP_titulo";"{""id_desafio"":1,""data"":{""url"":""https://espanol.answers.yahoo.com/question/index?qid=20080623151741AAxhOxj&sort=O"",""id_SERP"":45}}";"2019-10-11 17:33:51";"Indu1"
"421";"click_SERP_titulo";"{""id_desafio"":4,""data"":{""url"":""https://infinitaspalabrasmisteriosas.blogspot.com/2016/09/la-fosa-de-las-marianas-el-punto-mas.html"",""id_SERP"":155}}";"2019-10-11 17:33:59";"indu5"
"422";"click_recomendar";"{""id_desafio"":4,""data"":{""texto"":""recomendado"",""id_SERP"":195}}";"2019-10-11 17:34:05";"indu3"
"423";"click_recomendar";"{""id_desafio"":4,""data"":{""texto"":""recomendado"",""id_SERP"":194}}";"2019-10-11 17:34:06";"indu3"
"424";"click_recomendar";"{""id_desafio"":4,""data"":{""texto"":""recomendado"",""id_SERP"":193}}";"2019-10-11 17:34:07";"indu3"
"425";"click_recomendar";"{""id_desafio"":4,""data"":{""texto"":""recomendado"",""id_SERP"":192}}";"2019-10-11 17:34:08";"indu3"
"426";"click_recomendar";"{""id_desafio"":4,""data"":{""texto"":""recomendado"",""id_SERP"":191}}";"2019-10-11 17:34:09";"indu3"
"427";"click_SERP_titulo";"{""id_desafio"":1,""data"":{""url"":""http://sidachile.cl/contenido/vih-sida.php"",""id_SERP"":44}}";"2019-10-11 17:34:14";"Indu1"
"428";"cerrar_pagina";"53ba6e5d-";"2019-10-11 17:34:16";"Indu7"
"429";"click_pagina";"{""id_desafio"":3,""data"":{""pagina"":3}}";"2019-10-11 17:34:18";"Indu7"
"430";"click_pagina";"{""id_desafio"":4,""data"":{""pagina"":2}}";"2019-10-11 17:34:19";"indu3"
"431";"click_pagina";"{""id_desafio"":4,""data"":{""pagina"":3}}";"2019-10-11 17:34:21";"indu3"
"432";"click_pagina";"{""id_desafio"":4,""data"":{""pagina"":4}}";"2019-10-11 17:34:22";"indu3"
"433";"click_pagina";"{""id_desafio"":4,""data"":{""pagina"":3}}";"2019-10-11 17:34:23";"indu3"
"434";"click_SERP_titulo";"{""id_desafio"":1,""data"":{""url"":""http://vih.cl/"",""id_SERP"":8}}";"2019-10-11 17:34:25";"indu10"
"435";"click_SERP_ver";"{""id_desafio"":3,""data"":{""url"":""https://www.youtube.com/watch?v=ZPfHijmxKgA"",""id_SERP"":123}}";"2019-10-11 17:34:25";"Indu7"
"436";"click_pagina";"{""id_desafio"":4,""data"":{""pagina"":2}}";"2019-10-11 17:34:27";"indu3"
"437";"click_pagina";"{""id_desafio"":4,""data"":{""pagina"":3}}";"2019-10-11 17:34:27";"indu3"
"438";"click_pagina";"{""id_desafio"":4,""data"":{""pagina"":4}}";"2019-10-11 17:34:28";"indu3"
"439";"click_pagina";"{""id_desafio"":4,""data"":{""pagina"":5}}";"2019-10-11 17:34:28";"indu3"
"440";"click_finalizar_desafio";"{""id_desafio"":4}";"2019-10-11 17:34:29";"indu3"
"441";"click_finalizar_desafio_cancelado";"{""id_desafio"":4}";"2019-10-11 17:34:29";"indu3"
"442";"click_finalizar_desafio";"{""id_desafio"":4}";"2019-10-11 17:34:30";"indu3"
"443";"click_finalizar_desafio_confirmado";"{""id_desafio"":4}";"2019-10-11 17:34:31";"indu3"
"444";"click_SERP_ver";"{""id_desafio"":1,""data"":{""url"":""http://www.profesorenlinea.cl/Ciencias/SidaChile.htm"",""id_SERP"":41}}";"2019-10-11 17:34:32";"Indu13"
"445";"click_pagina";"{""id_desafio"":1,""data"":{""pagina"":2}}";"2019-10-11 17:34:35";"Indu13"
"446";"click_SERP_ver";"{""id_desafio"":4,""data"":{""url"":""https://wipeoutsurfmag.com/challenger-deep-profundidad-oceano/"",""id_SERP"":199}}";"2019-10-11 17:34:36";"indu11"
"447";"cerrar_pagina";"53b90ac4-";"2019-10-11 17:34:37";"Indu4"
"448";"click_SERP_ver";"{""id_desafio"":1,""data"":{""url"":""https://web.archive.org/web/20190126003934/http://www.sidachile.cl/contenido/index.php"",""id_SERP"":1}}";"2019-10-11 17:34:41";"Indu13"
"449";"click_pagina";"{""id_desafio"":3,""data"":{""pagina"":4}}";"2019-10-11 17:34:41";"Indu7"
"450";"click_SERP_titulo";"{""id_desafio"":1,""data"":{""url"":""https://www.biobiochile.cl/noticias/nacional/chile/2017/07/21/informe-revela-que-chile-es-el-pais-donde-mas-aumentaron-los-casos-de-vih-en-latinoamerica.shtml"",""id_SERP"":10}}";"2019-10-11 17:34:51";"indu10"
"451";"click_SERP_titulo";"{""id_desafio"":2,""data"":{""url"":""https://latamisrael.com/como-reducir-la-delincuencia/"",""id_SERP"":85}}";"2019-10-11 17:34:51";"Indu4"
"452";"cerrar_pagina";"53ba6492-";"2019-10-11 17:34:58";"indu3"
"453";"click_pagina";"{""id_desafio"":3,""data"":{""pagina"":5}}";"2019-10-11 17:35:03";"Indu7"
"454";"click_SERP_ver";"{""id_desafio"":3,""data"":{""url"":""https://es.wikipedia.org/wiki/Fabricaci%C3%B3n_de_autom%C3%B3viles"",""id_SERP"":120}}";"2019-10-11 17:35:10";"Indu7"
"455";"click_SERP_ver";"{""id_desafio"":1,""data"":{""url"":""https://www.minsal.cl/vih_sida/"",""id_SERP"":2}}";"2019-10-11 17:35:25";"Indu13"
"456";"click_SERP_ver";"{""id_desafio"":4,""data"":{""url"":""https://es.wikipedia.org/wiki/Abismo_de_Challenger"",""id_SERP"":191}}";"2019-10-11 17:35:27";"Indu12"
"457";"click_pagina";"{""id_desafio"":3,""data"":{""pagina"":4}}";"2019-10-11 17:35:29";"Indu7"
"458";"click_pagina";"{""id_desafio"":3,""data"":{""pagina"":3}}";"2019-10-11 17:35:29";"Indu7"
"459";"cerrar_pagina";"53ba5b8c-";"2019-10-11 17:35:29";"Indu12"
"460";"click_pagina";"{""id_desafio"":3,""data"":{""pagina"":2}}";"2019-10-11 17:35:30";"Indu7"
"461";"click_SERP_ver";"{""id_desafio"":4,""data"":{""url"":""https://supercurioso.com/el-abismo-challenger-el-punto-mas-profundo-del-oceano/"",""id_SERP"":192}}";"2019-10-11 17:35:30";"Indu12"
"462";"cerrar_pagina";"53ba5e0a-";"2019-10-11 17:35:32";"Indu12"
"463";"click_SERP_ver";"{""id_desafio"":4,""data"":{""url"":""https://www.youtube.com/watch?v=cEiXGJcGlB8"",""id_SERP"":193}}";"2019-10-11 17:35:33";"Indu12"
"464";"cerrar_pagina";"53ba609b-";"2019-10-11 17:35:34";"Indu12"
"465";"click_SERP_ver";"{""id_desafio"":4,""data"":{""url"":""https://www.elmundo.es/ciencia/2015/01/05/54a98cd722601d473b8b4582.html"",""id_SERP"":194}}";"2019-10-11 17:35:35";"Indu12"
"466";"click_pagina";"{""id_desafio"":4,""data"":{""pagina"":1}}";"2019-10-11 17:35:36";"indu5"
"467";"cerrar_pagina";"53ba629e-";"2019-10-11 17:35:36";"Indu12"
"468";"click_SERP_ver";"{""id_desafio"":4,""data"":{""url"":""http://www.rtve.es/radio/20180129/abismo-challenger-como-sobrevivir-11000-metros-profundidad/1668083.shtml"",""id_SERP"":195}}";"2019-10-11 17:35:38";"Indu12"
"469";"cerrar_pagina";"53ba6492-";"2019-10-11 17:35:39";"Indu12"
"470";"click_recomendar";"{""id_desafio"":4,""data"":{""texto"":""recomendado"",""id_SERP"":198}}";"2019-10-11 17:35:39";"indu5"
"471";"click_guardar";"{""id_desafio"":4,""data"":{""texto"":""guardado"",""id_SERP"":198}}";"2019-10-11 17:35:40";"indu5"
"472";"click_SERP_ver";"{""id_desafio"":4,""data"":{""url"":""https://quecuriosidades.com/mayor-profundidad-oceanos/"",""id_SERP"":196}}";"2019-10-11 17:35:41";"Indu12"
"473";"cerrar_pagina";"53ba668c-";"2019-10-11 17:35:42";"Indu12"
"474";"click_SERP_ver";"{""id_desafio"":4,""data"":{""url"":""https://josmanuelfidalgo.blogspot.com/2011/08/el-abismo-challenger-en-la-fosa-de-las.html"",""id_SERP"":197}}";"2019-10-11 17:35:43";"Indu12"
"475";"cerrar_pagina";"53ba68ae-";"2019-10-11 17:35:44";"Indu12"
"476";"click_SERP_ver";"{""id_desafio"":4,""data"":{""url"":""https://www.bbc.com/mundo/noticias/2011/12/111207_ciencia_oceano_profundidad"",""id_SERP"":198}}";"2019-10-11 17:35:45";"Indu12"
"477";"cerrar_pagina";"53ba6e5d-";"2019-10-11 17:35:46";"Indu12"
"478";"click_SERP_ver";"{""id_desafio"":4,""data"":{""url"":""https://wipeoutsurfmag.com/challenger-deep-profundidad-oceano/"",""id_SERP"":199}}";"2019-10-11 17:35:47";"Indu12"
"479";"cerrar_pagina";"53ba704b-";"2019-10-11 17:35:48";"Indu12"
"480";"click_SERP_ver";"{""id_desafio"":4,""data"":{""url"":""https://www.euston96.com/fosa-de-las-marianas/"",""id_SERP"":200}}";"2019-10-11 17:35:49";"Indu12"
"481";"cerrar_pagina";"53ba725c-";"2019-10-11 17:35:50";"Indu12"
"482";"click_SERP_ver";"{""id_desafio"":4,""data"":{""url"":""https://es.wikipedia.org/wiki/Abismo_de_Challenger"",""id_SERP"":191}}";"2019-10-11 17:35:57";"Indu12"
"483";"cerrar_pagina";"53ba5b8c-";"2019-10-11 17:35:58";"Indu12"
"484";"click_guardar";"{""id_desafio"":4,""data"":{""texto"":""guardado"",""id_SERP"":200}}";"2019-10-11 17:36:03";"Indu12"
"485";"click_SERP_titulo";"{""id_desafio"":1,""data"":{""url"":""https://web.archive.org/web/20180907192457/http://www.sidachile.cl/contenido/vih-sida.php"",""id_SERP"":3}}";"2019-10-11 17:36:03";"indu6"
"486";"click_guardar";"{""id_desafio"":4,""data"":{""texto"":""NO_guardado"",""id_SERP"":200}}";"2019-10-11 17:36:03";"Indu12"
"487";"click_guardar";"{""id_desafio"":4,""data"":{""texto"":""guardado"",""id_SERP"":199}}";"2019-10-11 17:36:05";"Indu12"
"488";"click_guardar";"{""id_desafio"":4,""data"":{""texto"":""NO_guardado"",""id_SERP"":199}}";"2019-10-11 17:36:05";"Indu12"
"489";"click_guardar";"{""id_desafio"":4,""data"":{""texto"":""NO_guardado"",""id_SERP"":198}}";"2019-10-11 17:36:06";"Indu12"
"490";"click_guardar";"{""id_desafio"":4,""data"":{""texto"":""guardado"",""id_SERP"":198}}";"2019-10-11 17:36:06";"Indu12"
"491";"click_SERP_titulo";"{""id_desafio"":4,""data"":{""url"":""https://www.elmundo.es/ciencia/2015/01/05/54a98cd722601d473b8b4582.html"",""id_SERP"":194}}";"2019-10-11 17:36:07";"indu5"
"492";"click_finalizar_desafio";"{""id_desafio"":3}";"2019-10-11 17:36:07";"Indu7"
"493";"click_guardar";"{""id_desafio"":4,""data"":{""texto"":""NO_guardado"",""id_SERP"":197}}";"2019-10-11 17:36:08";"Indu12"
"494";"click_finalizar_desafio_confirmado";"{""id_desafio"":3}";"2019-10-11 17:36:08";"Indu7"
"495";"click_guardar";"{""id_desafio"":4,""data"":{""texto"":""guardado"",""id_SERP"":197}}";"2019-10-11 17:36:08";"Indu12"
"496";"click_guardar";"{""id_desafio"":4,""data"":{""texto"":""guardado"",""id_SERP"":196}}";"2019-10-11 17:36:09";"Indu12"
"497";"click_guardar";"{""id_desafio"":4,""data"":{""texto"":""NO_guardado"",""id_SERP"":196}}";"2019-10-11 17:36:09";"Indu12"
"498";"click_guardar";"{""id_desafio"":4,""data"":{""texto"":""guardado"",""id_SERP"":195}}";"2019-10-11 17:36:11";"Indu12"
"499";"pagination";"{""id_desafio"":1,""data"":{""pagina"":1}}";"2019-10-11 17:36:11";"Indu1"
"500";"click_guardar";"{""id_desafio"":4,""data"":{""texto"":""NO_guardado"",""id_SERP"":195}}";"2019-10-11 17:36:11";"Indu12"
"501";"click_guardar";"{""id_desafio"":4,""data"":{""texto"":""guardado"",""id_SERP"":194}}";"2019-10-11 17:36:12";"Indu12"
"502";"click_guardar";"{""id_desafio"":4,""data"":{""texto"":""NO_guardado"",""id_SERP"":194}}";"2019-10-11 17:36:12";"Indu12"
"503";"click_guardar";"{""id_desafio"":4,""data"":{""texto"":""guardado"",""id_SERP"":193}}";"2019-10-11 17:36:13";"Indu12"
"504";"click_guardar";"{""id_desafio"":4,""data"":{""texto"":""NO_guardado"",""id_SERP"":193}}";"2019-10-11 17:36:14";"Indu12"
"505";"pagination";"{""id_desafio"":1,""data"":{""pagina"":1}}";"2019-10-11 17:36:14";"Indu1"
"506";"click_guardar";"{""id_desafio"":4,""data"":{""texto"":""guardado"",""id_SERP"":192}}";"2019-10-11 17:36:15";"Indu12"
"507";"click_guardar";"{""id_desafio"":4,""data"":{""texto"":""NO_guardado"",""id_SERP"":192}}";"2019-10-11 17:36:15";"Indu12"
"508";"pagination";"{""id_desafio"":1,""data"":{""pagina"":1}}";"2019-10-11 17:36:17";"Indu1"
"509";"click_guardar";"{""id_desafio"":4,""data"":{""texto"":""guardado"",""id_SERP"":191}}";"2019-10-11 17:36:18";"Indu12"
"510";"click_recomendar";"{""id_desafio"":1,""data"":{""texto"":""recomendado"",""id_SERP"":4}}";"2019-10-11 17:36:18";"indu6"
"511";"click_guardar";"{""id_desafio"":4,""data"":{""texto"":""NO_guardado"",""id_SERP"":191}}";"2019-10-11 17:36:18";"Indu12"
"512";"click_guardar";"{""id_desafio"":2,""data"":{""texto"":""guardado"",""id_SERP"":85}}";"2019-10-11 17:36:20";"Indu4"
"513";"click_SERP_ver";"{""id_desafio"":1,""data"":{""url"":""https://web.archive.org/web/20180907192457/http://www.sidachile.cl/contenido/vih-sida.php"",""id_SERP"":3}}";"2019-10-11 17:36:23";"Indu13"
"514";"click_SERP_ver";"{""id_desafio"":2,""data"":{""url"":""https://blogs.iadb.org/seguridad-ciudadana/es/datos-para-reducir-crimen-en-ecuador/"",""id_SERP"":89}}";"2019-10-11 17:36:25";"Indu4"
"515";"cerrar_pagina";"53b90ac4-";"2019-10-11 17:36:27";"Indu4"
"516";"click_guardar";"{""id_desafio"":2,""data"":{""texto"":""guardado"",""id_SERP"":89}}";"2019-10-11 17:36:28";"Indu4"
"517";"click_recomendar";"{""id_desafio"":1,""data"":{""texto"":""recomendado"",""id_SERP"":6}}";"2019-10-11 17:36:33";"indu6"
"518";"cerrar_pagina";"53b7937d-";"2019-10-11 17:36:41";"Indu13"
"519";"click_SERP_titulo";"{""id_desafio"":2,""data"":{""url"":""http://www.economiaynegocios.cl/noticias/noticias.asp?id=262813"",""id_SERP"":84}}";"2019-10-11 17:36:45";"Indu4"
"520";"click_enviar_posttest";"{""id_desafio"":4,""dato"":{""id_pretest"":3,""respuesta"":""1"",""tipo"":""checkbox""}}";"2019-10-11 17:36:45";"indu3"
"521";"click_enviar_posttest";"{""id_desafio"":4,""dato"":{""id_pretest"":3,""respuesta"":""1"",""tipo"":""checkbox""}}";"2019-10-11 17:36:45";"indu3"
"522";"click_enviar_posttest";"{""id_desafio"":4,""dato"":{""id_pretest"":4,""respuesta"":""abismo\nchallenger\nfoso\nde\nlas\nmarianas"",""tipo"":""text""}}";"2019-10-11 17:36:45";"indu3"
"523";"click_SERP_ver";"{""id_desafio"":1,""data"":{""url"":""https://www.24horas.cl/nacional/vih-sida-en-chile-cifras-del-minsal-indican-que-casos-crecieron-96-en-siete-anos-2684673"",""id_SERP"":4}}";"2019-10-11 17:36:46";"Indu13"
"524";"click_enviar_posttest_confirmado";;"2019-10-11 17:36:47";"indu3"
"525";"click_enviar_posttest";"{""id_desafio"":3,""dato"":{""id_pretest"":3,""respuesta"":""1"",""tipo"":""checkbox""}}";"2019-10-11 17:36:48";"Indu7"
"526";"click_enviar_posttest";"{""id_desafio"":3,""dato"":{""id_pretest"":4,""respuesta"":""Seguro\nObligatorio\nAccidentes\npersonales"",""tipo"":""text""}}";"2019-10-11 17:36:48";"Indu7"
"527";"click_enviar_posttest";"{""id_desafio"":3,""dato"":{""id_pretest"":3,""respuesta"":""1"",""tipo"":""checkbox""}}";"2019-10-11 17:36:48";"Indu7"
"528";"cerrar_pagina";"53b7937d-";"2019-10-11 17:36:49";"Indu13"
"529";"click_enviar_posttest_confirmado";;"2019-10-11 17:36:49";"Indu7"
"530";"click_recomendar";"{""id_desafio"":4,""data"":{""texto"":""recomendado"",""id_SERP"":194}}";"2019-10-11 17:36:52";"indu5"
"531";"click_guardar";"{""id_desafio"":4,""data"":{""texto"":""guardado"",""id_SERP"":194}}";"2019-10-11 17:36:53";"indu5"
"532";"click_entrar";"{""id_desafio"":3}";"2019-10-11 17:36:56";"indu3"
"533";"click_recomendar";"{""id_desafio"":1,""data"":{""texto"":""recomendado"",""id_SERP"":10}}";"2019-10-11 17:36:57";"indu6"
"534";"click_entrar_confirmado";"{""id_desafio"":3}";"2019-10-11 17:36:57";"indu3"
"535";"click_pagina";"{""id_desafio"":1,""data"":{""pagina"":2}}";"2019-10-11 17:37:00";"indu6"
"536";"click_SERP_ver";"{""id_desafio"":1,""data"":{""url"":""https://www.latercera.com/noticia/chile-casos-vih-latinoamerica/"",""id_SERP"":9}}";"2019-10-11 17:37:06";"Indu13"
"537";"click_SERP_ver";"{""id_desafio"":4,""data"":{""url"":""https://es.wikipedia.org/wiki/Abismo_de_Challenger"",""id_SERP"":191}}";"2019-10-11 17:37:10";"indu5"
"538";"click_recomendar";"{""id_desafio"":1,""data"":{""texto"":""recomendado"",""id_SERP"":17}}";"2019-10-11 17:37:22";"indu6"
"539";"click_pagina";"{""id_desafio"":1,""data"":{""pagina"":3}}";"2019-10-11 17:37:29";"Indu13"
"540";"click_pagina";"{""id_desafio"":1,""data"":{""pagina"":3}}";"2019-10-11 17:37:34";"indu6"
"541";"click_SERP_ver";"{""id_desafio"":1,""data"":{""url"":""https://www.biobiochile.cl/noticias/nacional/chile/2018/04/09/vih-sida-en-chile-alertan-que-casos-han-aumentado-un-96-y-que-alza-esta-por-sobre-africa.shtml"",""id_SERP"":18}}";"2019-10-11 17:37:34";"Indu13"
"542";"cerrar_pagina";"53b8fa16-";"2019-10-11 17:37:50";"Indu4"
"543";"click_SERP_titulo";"{""id_desafio"":2,""data"":{""url"":""http://www.95propuestas.cl/site/wp-content/uploads/2013/05/delincuencia-en-chile-diagnostico-y-propuestas-catalina-mertz.pdf"",""id_SERP"":83}}";"2019-10-11 17:37:53";"Indu4"
"544";"click_SERP_ver";"{""id_desafio"":1,""data"":{""url"":""https://www.latercera.com/nacional/noticia/informe-casi-triplica-porcentaje-estimado-personas-vih-chile/291511/"",""id_SERP"":14}}";"2019-10-11 17:38:04";"Indu13"
"545";"click_SERP_ver";"{""id_desafio"":4,""data"":{""url"":""https://www.euston96.com/fosa-de-las-marianas/"",""id_SERP"":200}}";"2019-10-11 17:38:07";"indu5"
"546";"cerrar_pagina";"53ba725c-";"2019-10-11 17:38:09";"indu5"
"547";"click_SERP_ver";"{""id_desafio"":4,""data"":{""url"":""https://www.bbc.com/mundo/noticias/2011/12/111207_ciencia_oceano_profundidad"",""id_SERP"":198}}";"2019-10-11 17:38:11";"indu5"
"548";"click_SERP_titulo";"{""id_desafio"":2,""data"":{""url"":""http://www.95propuestas.cl/site/wp-content/uploads/2013/05/delincuencia-en-chile-diagnostico-y-propuestas-catalina-mertz.pdf"",""id_SERP"":83}}";"2019-10-11 17:38:13";"Indu4"
"549";"cerrar_pagina";"53b8f806-";"2019-10-11 17:38:22";"Indu4"
"550";"cerrar_pagina";"53ba6e5d-";"2019-10-11 17:38:23";"indu5"
"551";"click_SERP_ver";"{""id_desafio"":2,""data"":{""url"":""http://www.95propuestas.cl/site/wp-content/uploads/2013/05/delincuencia-en-chile-diagnostico-y-propuestas-catalina-mertz.pdf"",""id_SERP"":83}}";"2019-10-11 17:38:24";"Indu4"
"552";"cerrar_pagina";"53ba629e-";"2019-10-11 17:38:25";"indu5"
"553";"click_pagina";"{""id_desafio"":1,""data"":{""pagina"":4}}";"2019-10-11 17:38:26";"indu6"
"554";"cerrar_pagina";"53ba6e5d-";"2019-10-11 17:38:26";"indu5"
"555";"click_recomendar";"{""id_desafio"":1,""data"":{""texto"":""recomendado"",""id_SERP"":37}}";"2019-10-11 17:38:32";"indu6"
"556";"click_SERP_ver";"{""id_desafio"":4,""data"":{""url"":""https://www.elmundo.es/ciencia/2015/01/05/54a98cd722601d473b8b4582.html"",""id_SERP"":194}}";"2019-10-11 17:38:32";"indu5"
"557";"click_recomendar";"{""id_desafio"":4,""data"":{""texto"":""recomendado"",""id_SERP"":194}}";"2019-10-11 17:38:33";"Indu12"
"558";"click_iniciar_desafio";"{""id_desafio"":3}";"2019-10-11 17:38:34";"indu3"
"559";"click_recomendar";"{""id_desafio"":4,""data"":{""texto"":""recomendado"",""id_SERP"":192}}";"2019-10-11 17:38:35";"Indu12"
"560";"click_iniciar_desafio_confirmado";"{""id_desafio"":3}";"2019-10-11 17:38:35";"indu3"
"561";"cerrar_pagina";"53ba629e-";"2019-10-11 17:38:35";"indu5"
"562";"click_SERP_ver";"{""id_desafio"":4,""data"":{""url"":""https://www.euston96.com/fosa-de-las-marianas/"",""id_SERP"":200}}";"2019-10-11 17:38:39";"Indu12"
"563";"click_recomendar";"{""id_desafio"":4,""data"":{""texto"":""recomendado"",""id_SERP"":191}}";"2019-10-11 17:38:40";"indu5"
"564";"click_recomendar";"{""id_desafio"":1,""data"":{""texto"":""recomendado"",""id_SERP"":36}}";"2019-10-11 17:38:42";"indu6"
"565";"click_SERP_ver";"{""id_desafio"":4,""data"":{""url"":""https://es.wikipedia.org/wiki/Abismo_de_Challenger"",""id_SERP"":191}}";"2019-10-11 17:38:43";"indu5"
"566";"click_SERP_ver";"{""id_desafio"":4,""data"":{""url"":""https://wipeoutsurfmag.com/challenger-deep-profundidad-oceano/"",""id_SERP"":199}}";"2019-10-11 17:38:46";"Indu12"
"567";"click_SERP_ver";"{""id_desafio"":4,""data"":{""url"":""https://www.bbc.com/mundo/noticias/2011/12/111207_ciencia_oceano_profundidad"",""id_SERP"":198}}";"2019-10-11 17:38:48";"Indu12"
"568";"click_SERP_ver";"{""id_desafio"":4,""data"":{""url"":""https://josmanuelfidalgo.blogspot.com/2011/08/el-abismo-challenger-en-la-fosa-de-las.html"",""id_SERP"":197}}";"2019-10-11 17:38:51";"Indu12"
"569";"click_recomendar";"{""id_desafio"":1,""data"":{""texto"":""recomendado"",""id_SERP"":31}}";"2019-10-11 17:38:52";"indu6"
"570";"click_SERP_ver";"{""id_desafio"":4,""data"":{""url"":""https://quecuriosidades.com/mayor-profundidad-oceanos/"",""id_SERP"":196}}";"2019-10-11 17:38:54";"Indu12"
"571";"click_pagina";"{""id_desafio"":1,""data"":{""pagina"":5}}";"2019-10-11 17:38:55";"indu6"
"572";"click_SERP_ver";"{""id_desafio"":4,""data"":{""url"":""http://www.rtve.es/radio/20180129/abismo-challenger-como-sobrevivir-11000-metros-profundidad/1668083.shtml"",""id_SERP"":195}}";"2019-10-11 17:38:56";"Indu12"
"573";"click_SERP_titulo";"{""id_desafio"":2,""data"":{""url"":""https://consultajuridicachile.blogspot.com/2011/08/reducir-el-crimen-es-una-cuestion-de.html"",""id_SERP"":82}}";"2019-10-11 17:38:56";"Indu4"
"574";"click_enviar_pretest";"{""id_desafio"":3,""dato"":{""id_pretest"":1,""respuesta"":""1"",""tipo"":""checkbox""}}";"2019-10-11 17:38:58";"indu3"
"575";"click_enviar_pretest";"{""id_desafio"":3,""dato"":{""id_pretest"":1,""respuesta"":""1"",""tipo"":""checkbox""}}";"2019-10-11 17:38:58";"indu3"
"576";"click_SERP_ver";"{""id_desafio"":4,""data"":{""url"":""https://www.elmundo.es/ciencia/2015/01/05/54a98cd722601d473b8b4582.html"",""id_SERP"":194}}";"2019-10-11 17:38:58";"Indu12"
"577";"click_enviar_pretest_confirmado";;"2019-10-11 17:38:59";"indu3"
"578";"pagination";"{""id_desafio"":3,""data"":{""pagina"":1}}";"2019-10-11 17:38:59";"indu3"
"579";"click_SERP_ver";"{""id_desafio"":4,""data"":{""url"":""https://www.youtube.com/watch?v=cEiXGJcGlB8"",""id_SERP"":193}}";"2019-10-11 17:39:00";"Indu12"
"580";"click_SERP_ver";"{""id_desafio"":1,""data"":{""url"":""https://web.archive.org/web/20190126003934/http://www.sidachile.cl/contenido/index.php"",""id_SERP"":11}}";"2019-10-11 17:39:01";"Indu13"
"581";"click_SERP_ver";"{""id_desafio"":4,""data"":{""url"":""https://supercurioso.com/el-abismo-challenger-el-punto-mas-profundo-del-oceano/"",""id_SERP"":192}}";"2019-10-11 17:39:03";"Indu12"
"582";"click_SERP_titulo";"{""id_desafio"":4,""data"":{""url"":""https://www.euston96.com/fosa-de-las-marianas/"",""id_SERP"":200}}";"2019-10-11 17:39:04";"indu5"
"583";"click_SERP_ver";"{""id_desafio"":4,""data"":{""url"":""https://es.wikipedia.org/wiki/Abismo_de_Challenger"",""id_SERP"":191}}";"2019-10-11 17:39:05";"Indu12"
"584";"cerrar_pagina";"53ba704b-";"2019-10-11 17:39:12";"Indu12"
"585";"cerrar_pagina";"53ba6e5d-";"2019-10-11 17:39:14";"Indu12"
"586";"click_pagina";"{""id_desafio"":1,""data"":{""pagina"":4}}";"2019-10-11 17:39:15";"Indu13"
"587";"cerrar_pagina";"53ba68ae-";"2019-10-11 17:39:19";"Indu12"
"588";"cerrar_pagina";"53ba668c-";"2019-10-11 17:39:23";"Indu12"
"589";"cerrar_pagina";"53ba6492-";"2019-10-11 17:39:26";"Indu12"
"590";"click_finalizar_desafio";"{""id_desafio"":1}";"2019-10-11 17:39:27";"indu6"
"591";"click_finalizar_desafio_confirmado";"{""id_desafio"":1}";"2019-10-11 17:39:28";"indu6"
"592";"click_guardar";"{""id_desafio"":1,""data"":{""texto"":""guardado"",""id_SERP"":40}}";"2019-10-11 17:39:43";"indu8"
"593";"cerrar_pagina";"53ba5e0a-";"2019-10-11 17:39:46";"Indu12"
"594";"cerrar_pagina";"53ba5b8c-";"2019-10-11 17:39:48";"Indu12"
"595";"click_guardar";"{""id_desafio"":1,""data"":{""texto"":""guardado"",""id_SERP"":44}}";"2019-10-11 17:39:50";"Indu1"
"596";"click_recomendar";"{""id_desafio"":1,""data"":{""texto"":""recomendado"",""id_SERP"":7}}";"2019-10-11 17:39:56";"indu10"
"597";"click_guardar";"{""id_desafio"":1,""data"":{""texto"":""guardado"",""id_SERP"":45}}";"2019-10-11 17:40:00";"Indu1"
"598";"click_enviar_posttest";"{""id_desafio"":1,""dato"":{""id_pretest"":3,""respuesta"":""3"",""tipo"":""checkbox""}}";"2019-10-11 17:40:17";"indu6"
"599";"click_enviar_posttest";"{""id_desafio"":1,""dato"":{""id_pretest"":4,""respuesta"":""Encuesta \nde \nvirus \na \npersonas"",""tipo"":""text""}}";"2019-10-11 17:40:17";"indu6"
"600";"click_enviar_posttest_confirmado";;"2019-10-11 17:40:18";"indu6"
"601";"click_guardar";"{""id_desafio"":1,""data"":{""texto"":""guardado"",""id_SERP"":34}}";"2019-10-11 17:40:34";"indu8"
"602";"click_guardar";"{""id_desafio"":1,""data"":{""texto"":""guardado"",""id_SERP"":31}}";"2019-10-11 17:40:36";"indu8"
"603";"click_pagina";"{""id_desafio"":1,""data"":{""pagina"":3}}";"2019-10-11 17:40:44";"indu8"
"604";"click_pagina";"{""id_desafio"":4,""data"":{""pagina"":2}}";"2019-10-11 17:40:50";"indu5"
"605";"click_guardar";"{""id_desafio"":1,""data"":{""texto"":""guardado"",""id_SERP"":1}}";"2019-10-11 17:40:54";"indu8"
"606";"click_pagina";"{""id_desafio"":4,""data"":{""pagina"":3}}";"2019-10-11 17:40:59";"indu5"
"607";"click_pagina";"{""id_desafio"":4,""data"":{""pagina"":4}}";"2019-10-11 17:40:59";"indu5"
"608";"click_pagina";"{""id_desafio"":4,""data"":{""pagina"":5}}";"2019-10-11 17:41:00";"indu5"
"609";"click_pagina";"{""id_desafio"":1,""data"":{""pagina"":4}}";"2019-10-11 17:41:03";"indu8"
"610";"click_SERP_ver";"{""id_desafio"":4,""data"":{""url"":""https://espanol.answers.yahoo.com/question/index?qid=20130103180315AAuWKRi"",""id_SERP"":182}}";"2019-10-11 17:41:09";"indu5"
"611";"cerrar_pagina";"53ba412e-";"2019-10-11 17:41:11";"indu5"
"612";"click_SERP_ver";"{""id_desafio"":4,""data"":{""url"":""https://www.vix.com/es/btg/curiosidades/2010/12/01/%C2%BFcual-es-la-mayor-profundidad-de-los-oceanos"",""id_SERP"":181}}";"2019-10-11 17:41:15";"indu5"
"613";"cerrar_pagina";"53ba3f34-";"2019-10-11 17:41:16";"indu5"
"614";"click_SERP_ver";"{""id_desafio"":4,""data"":{""url"":""https://brainly.lat/tarea/6702601"",""id_SERP"":189}}";"2019-10-11 17:41:24";"indu5"
"615";"cerrar_pagina";"53ba53ec-";"2019-10-11 17:41:32";"indu5"
"616";"click_SERP_titulo";"{""id_desafio"":2,""data"":{""url"":""https://corrupcion-chile.blogspot.com/2011/08/reducir-el-crimen-es-una-cuestion-de.html"",""id_SERP"":81}}";"2019-10-11 17:41:32";"Indu4"
"617";"click_SERP_ver";"{""id_desafio"":4,""data"":{""url"":""https://noticias.eltiempo.es/cuanta-agua-hay-en-el-mar-dia-mundial-de-los-oceanos/"",""id_SERP"":187}}";"2019-10-11 17:41:35";"indu5"
"618";"click_ver_ocultar_desafio";"{""id_desafio"":3,""data"":""ver_desafio""}";"2019-10-11 17:41:36";"indu3"
"619";"pagination";"{""id_desafio"":3,""data"":{""pagina"":1}}";"2019-10-11 17:41:39";"indu3"
"620";"click_pagina";"{""id_desafio"":2,""data"":{""pagina"":3}}";"2019-10-11 17:41:39";"Indu4"
"621";"click_SERP_ver";"{""id_desafio"":3,""data"":{""url"":""https://banco.santander.cl/landing/soap-2019"",""id_SERP"":150}}";"2019-10-11 17:41:46";"indu3"
"622";"cerrar_pagina";"53ba4fb6-";"2019-10-11 17:41:48";"indu5"
"623";"click_SERP_titulo";"{""id_desafio"":2,""data"":{""url"":""http://www.fiscaliadechile.cl/Fiscalia/areas/organizado.jsp"",""id_SERP"":54}}";"2019-10-11 17:41:54";"Indu4"
"624";"click_finalizar_desafio";"{""id_desafio"":4}";"2019-10-11 17:42:04";"indu5"
"625";"click_finalizar_desafio_confirmado";"{""id_desafio"":4}";"2019-10-11 17:42:09";"indu5"
"626";"cerrar_pagina";"53ba725c-";"2019-10-11 17:42:15";"indu5"
"627";"cerrar_pagina";"53ba5b8c-";"2019-10-11 17:42:15";"indu5"
"628";"click_SERP_titulo";"{""id_desafio"":2,""data"":{""url"":""https://www.nationmaster.com/country-info/profiles/Chile/Crime"",""id_SERP"":56}}";"2019-10-11 17:42:16";"Indu4"
"629";"click_guardar";"{""id_desafio"":1,""data"":{""texto"":""guardado"",""id_SERP"":17}}";"2019-10-11 17:42:19";"indu8"
"630";"click_pagina";"{""id_desafio"":1,""data"":{""pagina"":5}}";"2019-10-11 17:42:23";"indu8"
"631";"click_finalizar_desafio";"{""id_desafio"":1}";"2019-10-11 17:42:47";"indu8"
"632";"click_finalizar_desafio_confirmado";"{""id_desafio"":1}";"2019-10-11 17:42:48";"indu8"
"633";"click_pagina";"{""id_desafio"":2,""data"":{""pagina"":4}}";"2019-10-11 17:43:07";"Indu4"
"634";"click_enviar_posttest";"{""id_desafio"":1,""dato"":{""id_pretest"":3,""respuesta"":""1"",""tipo"":""checkbox""}}";"2019-10-11 17:43:09";"indu8"
"635";"click_enviar_posttest";"{""id_desafio"":1,""dato"":{""id_pretest"":3,""respuesta"":""1"",""tipo"":""checkbox""}}";"2019-10-11 17:43:09";"indu8"
"636";"click_enviar_posttest";"{""id_desafio"":1,""dato"":{""id_pretest"":4,""respuesta"":""-"",""tipo"":""text""}}";"2019-10-11 17:43:09";"indu8"
"637";"click_enviar_posttest_confirmado";;"2019-10-11 17:43:10";"indu8"
"638";"click_SERP_titulo";"{""id_desafio"":2,""data"":{""url"":""http://www.95propuestas.cl/site/wp-content/uploads/2013/05/delincuencia-en-chile-diagnostico-y-propuestas-catalina-mertz.pdf"",""id_SERP"":63}}";"2019-10-11 17:43:20";"Indu4"
"639";"click_SERP_titulo";"{""id_desafio"":2,""data"":{""url"":""https://www.minterior.gub.uy/index.php/2013-06-17-14-41-56/2012-11-13-13-08-52/78-noticias/ultimas-noticias/2749-como-reducir-el-crimen"",""id_SERP"":64}}";"2019-10-11 17:43:32";"Indu4"
"640";"click_pagina";"{""id_desafio"":3,""data"":{""pagina"":2}}";"2019-10-11 17:44:11";"indu3"
"641";"click_pagina";"{""id_desafio"":3,""data"":{""pagina"":3}}";"2019-10-11 17:44:11";"indu3"
"642";"click_pagina";"{""id_desafio"":3,""data"":{""pagina"":4}}";"2019-10-11 17:44:12";"indu3"
"643";"click_pagina";"{""id_desafio"":3,""data"":{""pagina"":5}}";"2019-10-11 17:44:12";"indu3"
"644";"click_pagina";"{""id_desafio"":3,""data"":{""pagina"":4}}";"2019-10-11 17:44:14";"indu3"
"645";"click_pagina";"{""id_desafio"":3,""data"":{""pagina"":3}}";"2019-10-11 17:44:29";"indu3"
"646";"click_pagina";"{""id_desafio"":3,""data"":{""pagina"":2}}";"2019-10-11 17:44:48";"indu3"
"647";"click_finalizar_desafio";"{""id_desafio"":3}";"2019-10-11 17:44:54";"indu3"
"648";"click_finalizar_desafio_confirmado";"{""id_desafio"":3}";"2019-10-11 17:44:55";"indu3"
"649";"click_guardar";"{""id_desafio"":2,""data"":{""texto"":""guardado"",""id_SERP"":64}}";"2019-10-11 17:44:59";"Indu4"
"650";"click_enviar_posttest";"{""id_desafio"":3,""dato"":{""id_pretest"":3,""respuesta"":""1"",""tipo"":""checkbox""}}";"2019-10-11 17:45:09";"indu3"
"651";"click_enviar_posttest";"{""id_desafio"":3,""dato"":{""id_pretest"":3,""respuesta"":""1"",""tipo"":""checkbox""}}";"2019-10-11 17:45:09";"indu3"
"652";"click_enviar_posttest";"{""id_desafio"":3,""dato"":{""id_pretest"":4,""respuesta"":""soap\nseguro\n"",""tipo"":""text""}}";"2019-10-11 17:45:09";"indu3"
"653";"click_enviar_posttest_confirmado";;"2019-10-11 17:45:10";"indu3"
"654";"cerrar_pagina";"53ba668c-";"2019-10-11 17:45:15";"indu3"
"655";"cerrar_pagina";"53ba725c-";"2019-10-11 17:45:15";"indu3"
"656";"click_guardar";"{""id_desafio"":2,""data"":{""texto"":""guardado"",""id_SERP"":70}}";"2019-10-11 17:45:20";"Indu4"
"657";"click_SERP_titulo";"{""id_desafio"":2,""data"":{""url"":""https://blogs.iadb.org/seguridad-ciudadana/es/tecnologia-contra-el-crimen-entusiasmo-con-criterio/"",""id_SERP"":70}}";"2019-10-11 17:45:23";"Indu4"
"658";"click_pagina";"{""id_desafio"":2,""data"":{""pagina"":5}}";"2019-10-11 17:45:55";"Indu4"
"659";"pagination";"{""id_desafio"":2,""data"":{""pagina"":1}}";"2019-10-11 17:46:02";"Indu4"
"660";"click_SERP_titulo";"{""id_desafio"":2,""data"":{""url"":""https://latamisrael.com/como-reducir-la-delincuencia/"",""id_SERP"":71}}";"2019-10-11 17:46:09";"Indu4"
"661";"click_guardar";"{""id_desafio"":2,""data"":{""texto"":""guardado"",""id_SERP"":71}}";"2019-10-11 17:46:30";"Indu4"
"662";"click_SERP_titulo";"{""id_desafio"":2,""data"":{""url"":""https://www.minterior.gub.uy/index.php/2013-06-17-14-41-56/2012-11-13-13-08-52/78-noticias/ultimas-noticias/2749-como-reducir-el-crimen"",""id_SERP"":72}}";"2019-10-11 17:46:35";"Indu4"
"663";"cerrar_pagina";"53b8d4e2-";"2019-10-11 17:46:40";"Indu4"
"664";"click_SERP_titulo";"{""id_desafio"":2,""data"":{""url"":""https://blogs.iadb.org/efectividad-desarrollo/es/10-principios-para-la-prevencion-del-crimen/"",""id_SERP"":73}}";"2019-10-11 17:46:44";"Indu4"
"665";"click_guardar";"{""id_desafio"":2,""data"":{""texto"":""guardado"",""id_SERP"":73}}";"2019-10-11 17:47:19";"Indu4"
"666";"click_recomendar";"{""id_desafio"":2,""data"":{""texto"":""recomendado"",""id_SERP"":73}}";"2019-10-11 17:47:20";"Indu4"
"667";"click_guardar";"{""id_desafio"":2,""data"":{""texto"":""guardado"",""id_SERP"":74}}";"2019-10-11 17:47:27";"Indu4"
"668";"click_recomendar";"{""id_desafio"":2,""data"":{""texto"":""recomendado"",""id_SERP"":74}}";"2019-10-11 17:47:27";"Indu4"
"669";"click_guardar";"{""id_desafio"":2,""data"":{""texto"":""guardado"",""id_SERP"":75}}";"2019-10-11 17:47:30";"Indu4"
"670";"click_recomendar";"{""id_desafio"":2,""data"":{""texto"":""recomendado"",""id_SERP"":75}}";"2019-10-11 17:47:33";"Indu4"
"671";"click_guardar";"{""id_desafio"":2,""data"":{""texto"":""guardado"",""id_SERP"":78}}";"2019-10-11 17:47:51";"Indu4"
"672";"click_SERP_titulo";"{""id_desafio"":2,""data"":{""url"":""https://es.answers.yahoo.com/question/index?qid=20130225214147AAD2YZl"",""id_SERP"":78}}";"2019-10-11 17:47:55";"Indu4"
"673";"click_guardar";"{""id_desafio"":2,""data"":{""texto"":""NO_guardado"",""id_SERP"":78}}";"2019-10-11 17:48:11";"Indu4"
"674";"click_SERP_titulo";"{""id_desafio"":2,""data"":{""url"":""https://la.network/puede-el-empleo-temporal-ayudar-a-reducir-el-crimen/"",""id_SERP"":80}}";"2019-10-11 17:48:19";"Indu4"
"675";"click_guardar";"{""id_desafio"":2,""data"":{""texto"":""guardado"",""id_SERP"":80}}";"2019-10-11 17:48:42";"Indu4"
"676";"click_recomendar";"{""id_desafio"":2,""data"":{""texto"":""recomendado"",""id_SERP"":80}}";"2019-10-11 17:48:43";"Indu4"
"677";"click_finalizar_desafio";"{""id_desafio"":2}";"2019-10-11 17:48:44";"Indu4"
"678";"click_finalizar_desafio_confirmado";"{""id_desafio"":2}";"2019-10-11 17:48:46";"Indu4"
"679";"click_enviar_posttest";"{""id_desafio"":2,""dato"":{""id_pretest"":3,""respuesta"":""3"",""tipo"":""checkbox""}}";"2019-10-11 17:49:54";"Indu4"
"680";"click_enviar_posttest_confirmado";;"2019-10-11 17:49:55";"Indu4"
"681";"cerrar_pagina";"53b7ac7c-";"2019-10-11 17:51:24";"indu10"
"682";"cerrar_pagina";"53ba725c-";"2019-10-11 18:40:52";"indu11"
"683";"cerrar_pagina";"53ba704b-";"2019-10-11 18:40:52";"indu11"
